cif,FundID,cust_rlv,fund_rlv
1000000034,02001,5,4
1000000034,FD029,5,4
1000000034,FD007,5,3
1000000034,PT029,5,4
1000000034,01033,5,5
1000000034,01034,5,5
1000000034,FD036,5,4
1000000034,FD028,5,4
1000000034,AL003,5,3
1000000034,01028,5,5
1000000034,03025,5,4
1000000034,03034,5,5
1000000034,FD030,5,4
1000000034,03013,5,4
1000000034,IV035,5,4
1000000034,PI153,5,3
1000000049,FD007,4,3
1000000059,SC066,4,4
1000000061,04018,5,5
1000000061,IV074,5,5
1000000063,02007,4,3
1000000063,06017,4,4
1000000083,AL003,4,3
1000000102,07026,4,4
1000000116,PT023,5,4
1000000116,02007,5,3
1000000116,01033,5,5
1000000116,02024,5,5
1000000123,02007,4,3
1000000158,02007,5,3
1000000158,03020,5,4
1000000176,AL004,4,3
1000000215,06022,5,4
1000000215,02002,5,5
1000000229,02007,5,3
1000000229,PT021,5,4
1000000229,06017,5,4
1000000229,LM042,5,4
1000000242,03028,5,5
1000000247,06025,5,5
1000000312,06029,5,5
1000000313,ET030,4,3
1000000328,PI153,5,3
1000000328,AL003,5,3
1000000328,AL024,5,4
1000000348,AL003,4,3
1000000357,FD056,5,5
1000000357,AL003,5,3
1000000357,03029,5,5
1000000361,AL003,5,3
1000000385,UB047,5,5
1000000385,03028,5,5
1000000385,FD035,5,4
1000000385,03029,5,5
1000000388,02007,4,3
1000000388,08014,4,3
1000000392,01017,4,4
1000000399,03028,5,5
1000000399,AL003,5,3
1000000400,FD006,4,3
1000000400,NN025,4,3
1000000403,AL003,5,3
1000000403,01012,5,4
1000000403,07026,5,4
1000000408,AL003,5,3
1000000416,03029,5,5
1000000416,AL003,5,3
1000000416,IN001,5,5
1000000419,03029,5,5
1000000419,03028,5,5
1000000435,AL003,3,3
1000000453,AL003,4,3
1000000457,02007,5,3
1000000457,03028,5,5
1000000457,NN025,5,3
1000000457,AL003,5,3
1000000465,AL003,5,3
1000000467,03034,5,5
1000000468,AL003,4,3
1000000468,IV035,4,4
1000000473,FD059,5,5
1000000508,AL003,5,3
1000000516,AL003,5,3
1000000533,AL003,5,3
1000000535,01018,5,4
1000000535,NN025,5,3
1000000535,AL003,5,3
1000000554,AL003,4,3
1000000572,ES038,5,4
1000000577,AL024,4,4
1000000600,PT049,5,5
1000000600,02012,5,5
1000000600,UB046,5,5
1000000617,AL003,5,3
1000000623,FD060,5,5
1000000631,02007,4,3
1000000637,NE006,4,3
1000000642,02007,3,3
1000000654,AB003,5,5
1000000654,06029,5,5
1000000669,AB021,5,4
1000000684,FD060,5,5
1000000684,SC120,5,5
1000000685,03033,5,5
1000000685,06028,5,5
1000000692,02007,3,3
1000000694,FC005,4,4
1000000723,FD067,5,5
1000000940,AL003,5,3
1000000940,NE002,5,3
1000000940,NE006,5,3
1000000940,AB013,5,5
1000000971,01001,4,1
1000001305,02007,4,3
1000001338,06028,5,5
1000001338,06025,5,5
1000001438,NE006,5,3
1000001438,NN025,5,3
1000001550,07025,5,4
1000001550,EU017,5,5
1000001683,02007,4,3
1000001976,09006,5,4
1000002443,IV035,4,4
1000002443,AL003,4,3
1000002796,AL002,4,3
1000002980,02007,3,3
1000003129,07044,5,5
1000003129,FD067,5,5
1000003131,SC083,5,4
1000003131,FD040,5,4
1000003131,NE007,5,3
1000003131,01032,5,5
1000003131,FD054,5,5
1000003131,IN001,5,5
1000003131,03015,5,4
1000003131,FD070,5,2
1000003131,FD058,5,5
1000003131,07034,5,5
1000003131,IV035,5,4
1000003131,FD035,5,4
1000003131,ET030,5,3
1000003131,FD048,5,4
1000003131,07026,5,4
1000003131,PT021,5,4
1000003131,UB047,5,5
1000003131,PT002,5,4
1000003131,FD075,5,3
1000003131,FD038,5,4
1000003131,07022,5,4
1000003245,FD028,4,4
1000003332,07043,5,5
1000003332,13003,5,4
1000003366,02007,4,3
1000003382,AL003,4,3
1000003391,AL003,3,3
1000003593,PI153,3,3
1000003916,SC105,5,5
1000003916,02007,5,3
1000003981,02007,4,3
1000003981,03007,4,3
1000004108,03010,3,3
1000004121,FC005,4,4
1000004454,AB019,5,5
1000004454,03028,5,5
1000004454,03013,5,4
1000004454,03026,5,4
1000004454,06025,5,5
1000004454,03017,5,4
1000004454,03030,5,5
1000004454,07041,5,5
1000004454,FD041,5,4
1000004454,NE018,5,5
1000004454,FD065,5,5
1000004454,PT031,5,4
1000004454,07042,5,5
1000004454,IN001,5,5
1000004498,05001,4,4
1000004626,AL003,4,3
1000004633,01021,4,4
1000004633,01007,4,3
1000004713,07041,5,5
1000004716,AL003,4,3
1000004724,FC005,4,4
1000004727,01021,4,4
1000004766,02007,3,3
1000004776,03015,4,4
1000004776,03029,4,5
1000004776,AL003,4,3
1000004831,01007,3,3
1000004855,02007,4,3
1000004868,AL019,5,4
1000004868,FD034,5,4
1000004868,FD049,5,4
1000004868,UB047,5,5
1000004868,NN042,5,4
1000004868,FD066,5,5
1000005005,13003,4,4
1000005066,02007,5,3
1000005111,FD040,4,4
1000005111,02007,4,3
1000005115,AL003,4,3
1000005427,03028,5,5
1000005653,FD049,4,4
1000005711,AL017,5,4
1000005778,AL003,5,3
1000005778,03026,5,4
1000005778,03020,5,4
1000005778,03029,5,5
1000005778,02010,5,5
1000005778,03015,5,4
1000005820,17006,5,5
1000005820,SC120,5,5
1000005820,06028,5,5
1000005865,AL003,4,3
1000005870,02007,3,3
1000006283,01007,3,3
1000006427,AL003,4,3
1000006567,NN025,4,3
1000006597,AL003,4,3
1000006779,AL007,3,3
1000006920,AL003,4,3
1000006963,02024,5,5
1000006963,01034,5,5
1000007033,AL003,5,3
1000007058,06025,5,5
1000007058,01010,5,3
1000007145,UB039,5,4
1000007145,AL003,5,3
1000007159,AL003,5,3
1000007198,NE002,3,3
1000007215,FC005,4,4
1000007268,FC005,5,4
1000007371,AL024,5,4
1000007371,AL003,5,3
1000007519,06017,5,4
1000007519,13008,5,4
1000007519,FD063,5,5
1000007519,03028,5,5
1000007882,03034,5,5
1000007882,08010,5,5
1000007882,02007,5,3
1000007882,06025,5,5
1000007882,01028,5,5
1000008139,03034,5,5
1000008139,06025,5,5
1000008139,AL004,5,3
1000008369,02007,4,3
1000008369,AL058,4,4
1000008461,07015,4,3
1000008634,AB025,4,3
1000008634,NN025,4,3
1000008701,AL003,4,3
1000008701,AL024,4,4
1000008790,01017,5,4
1000008829,02004,4,4
1000008829,NN025,4,3
1000008829,IV008,4,3
1000008833,JA019,4,3
1000008988,AL003,5,3
1000009112,AB025,3,3
1000009154,02007,4,3
1000009182,AL004,3,3
1000009182,AL007,3,3
1000009182,AL003,3,3
1000009574,07021,4,4
1000009987,FD067,5,5
1000009987,FD065,5,5
1000010003,04015,4,4
1000010092,UB047,5,5
1000010092,ES038,5,4
1000010121,UB047,5,5
1000010121,06017,5,4
1000010362,FD057,4,5
1000010362,03013,4,4
1000010362,02007,4,3
1000010392,02007,4,3
1000010533,FD009,5,3
1000010533,FD076,5,3
1000010533,FD060,5,5
1000010533,SC120,5,5
1000010632,NE006,4,3
1000010890,01010,3,3
1000010935,06025,5,5
1000011749,AL003,3,3
1000011749,PI153,3,3
1000011749,NN025,3,3
1000012128,04070,4,3
1000012376,06055,3,3
1000012422,AL003,5,3
1000012713,AL003,4,3
1000013038,AL003,3,3
1000013104,FC008,3,2
1000013318,AL003,3,3
1000013583,02027,5,3
1000013583,12020,5,3
1000013583,14005,5,4
1000013583,02016,5,4
1000013609,02023,4,4
1000013853,AL003,5,3
1000013895,AL003,3,3
1000013897,AL003,5,3
1000013961,06041,5,3
1000014246,JA004,4,3
1000014460,FD039,5,4
1000014749,02007,5,3
1000014791,07026,5,4
1000014791,08023,5,5
1000014791,FD007,5,3
1000014791,03021,5,4
1000014791,FD063,5,5
1000014791,07025,5,4
1000014856,FC005,5,4
1000015045,SC120,5,5
1000015197,NE008,5,3
1000015291,ES028,3,3
1000015291,ES003,3,2
1000015292,AL003,4,3
1000015359,01018,4,4
1000015375,03028,5,5
1000015375,03020,5,4
1000015375,07033,5,5
1000015375,03014,5,4
1000015375,07030,5,4
1000015375,07043,5,5
1000015375,03034,5,5
1000015375,06021,5,4
1000015375,03029,5,5
1000015375,02014,5,5
1000015402,02007,4,3
1000015561,02007,4,3
1000015561,NN021,4,2
1000015561,NN025,4,3
1000015632,02007,4,3
1000015771,AL024,4,4
1000015771,02007,4,3
1000015771,01057,4,4
1000015869,PI153,5,3
1000015869,AL003,5,3
1000015870,13008,4,4
1000015870,AL004,4,3
1000015870,13004,4,4
1000016027,03028,5,5
1000016185,IN022,5,3
1000016277,02007,3,3
1000016279,NN025,5,3
1000016372,FD058,5,5
1000016745,FC008,2,2
1000016811,FD003,5,3
1000016928,JA019,5,3
1000017141,FD063,5,5
1000017465,NE008,4,3
1000017510,AB003,5,5
1000017510,FD047,5,4
1000017510,FD021,5,4
1000017692,FD085,4,3
1000017692,FD017,4,4
1000017694,01009,5,3
1000018612,FD065,5,5
1000018920,AL003,4,3
1000019075,03028,5,5
1000019482,PI153,3,3
1000019578,NN025,5,3
1000019635,EU017,5,5
1000019747,06007,4,3
1000019757,FD008,4,3
1000019829,03028,5,5
1000020034,FD011,5,3
1000020047,12020,4,3
1000020091,FD058,5,5
1000020091,JH006,5,4
1000020091,IN011,5,4
1000020091,AL019,5,4
1000020091,AB011,5,5
1000020091,JH002,5,4
1000020091,AB032,5,3
1000020091,FD063,5,5
1000020091,FS009,5,5
1000020091,PT049,5,5
1000020091,UB047,5,5
1000020091,FC005,5,4
1000020091,AL033,5,5
1000020269,UB047,5,5
1000021058,02011,5,4
1000021077,AL003,5,3
1000021196,03011,5,4
1000021268,06025,5,5
1000021268,06017,5,4
1000021268,02007,5,3
1000021268,06022,5,4
1000021268,04015,5,4
1000021268,03012,5,4
1000021273,OM010,3,3
1000021385,07012,5,3
1000021385,08040,5,3
1000021385,03014,5,4
1000021386,FD067,4,5
1000021386,03028,4,5
1000021469,ES002,5,2
1000021697,03028,5,5
1000021710,ES061,5,5
1000021710,ET024,5,4
1000021710,ET014,5,4
1000021868,AL003,4,3
1000021868,10006,4,4
1000021868,02023,4,4
1000022156,AL003,3,3
1000022160,AL003,5,3
1000022244,13006,5,4
1000022244,06022,5,4
1000022254,02007,3,3
1000022425,02007,5,3
1000022762,13003,5,4
1000022887,FD007,5,3
1000022887,FD035,5,4
1000022937,AL003,3,3
1000023036,03034,4,5
1000023106,PI153,3,3
1000023418,FD008,5,3
1000023564,FD060,5,5
1000023598,FC005,4,4
1000023598,NN025,4,3
1000023729,NN025,5,3
1000023729,PI153,5,3
1000023729,AL003,5,3
1000023729,06007,5,3
1000023897,PT022,5,4
1000023897,PT030,5,4
1000023897,NN040,5,4
1000023901,03028,5,5
1000023965,AL024,4,4
1000023967,IN010,5,4
1000023967,01007,5,3
1000023967,FD060,5,5
1000024054,06017,5,4
1000024293,06055,5,3
1000024293,AB013,5,5
1000024293,NN025,5,3
1000024293,AL058,5,4
1000024293,FC004,5,4
1000024293,AL007,5,3
1000024293,03015,5,4
1000024293,FC017,5,3
1000024293,NE006,5,3
1000024293,AM003,5,3
1000024293,04021,5,5
1000024293,FC002,5,4
1000024330,AL003,5,3
1000024409,02007,4,3
1000024547,LM042,5,4
1000024547,06022,5,4
1000024550,FD006,5,3
1000024550,FD035,5,4
1000024771,NI001,3,3
1000025080,AB001,5,4
1000025080,SC121,5,5
1000025080,AB013,5,5
1000025080,OM020,5,4
1000025080,SC120,5,5
1000025151,NN046,5,4
1000025151,NN050,5,4
1000025151,FD082,5,3
1000025151,02007,5,3
1000025151,03028,5,5
1000025151,03026,5,4
1000025151,LM042,5,4
1000025151,03029,5,5
1000025151,FD007,5,3
1000025151,06017,5,4
1000025151,09014,5,5
1000025588,NN021,5,2
1000025731,AL003,5,3
1000025731,PI152,5,2
1000025731,AL024,5,4
1000025804,03020,5,4
1000025874,PI122,3,3
1000025917,SC120,5,5
1000026269,AL003,3,3
1000026450,AL003,3,3
1000026512,NN025,5,3
1000026512,06058,5,3
1000026512,IV021,5,3
1000026512,PI153,5,3
1000026512,IV022,5,3
1000026512,NE006,5,3
1000026512,FC014,5,3
1000026512,FC012,5,3
1000026512,JH014,5,4
1000026512,NI001,5,3
1000026512,UB009,5,3
1000026512,IN024,5,2
1000026512,AB031,5,3
1000026515,UB047,5,5
1000026515,06017,5,4
1000026515,06025,5,5
1000026515,FS009,5,5
1000026621,AL003,4,3
1000026688,03026,5,4
1000026816,AL003,5,3
1000026816,ES053,5,5
1000026816,01015,5,4
1000026912,NN025,3,3
1000026912,NN021,3,2
1000027252,01022,4,4
1000027265,06055,5,3
1000027337,FC016,3,3
1000027416,15029,5,5
1000027416,FD062,5,5
1000027416,03026,5,4
1000027570,AL003,3,3
1000027595,UA014,5,5
1000027595,UB047,5,5
1000027662,NE002,5,3
1000027662,NE006,5,3
1000027662,SC107,5,5
1000027662,PI124,5,3
1000027662,AL003,5,3
1000027662,03028,5,5
1000027662,UB010,5,3
1000027705,03004,4,2
1000027824,FD060,5,5
1000028066,06004,3,2
1000028066,AM003,3,3
1000028068,02007,3,3
1000028088,03034,4,5
1000028088,03026,4,4
1000028088,01017,4,4
1000028088,FD067,4,5
1000028189,AL024,4,4
1000028190,PI114,5,2
1000028190,AL003,5,3
1000028190,PI153,5,3
1000028192,NN026,5,3
1000028203,01007,2,3
1000028215,06020,5,4
1000028215,03023,5,4
1000028215,01033,5,5
1000028392,AL003,4,3
1000028392,UB047,4,5
1000028477,ES071,5,3
1000028535,AL003,5,3
1000028613,AL003,4,3
1000028617,NN020,5,2
1000028617,NE010,5,4
1000028723,FD059,5,5
1000028723,FD056,5,5
1000028905,NN025,4,3
1000028993,02007,5,3
1000028993,03028,5,5
1000028993,03020,5,4
1000028993,03029,5,5
1000028993,03016,5,4
1000028993,NN044,5,4
1000029187,06022,4,4
1000029187,FD036,4,4
1000029187,AL003,4,3
1000029336,ES009,4,2
1000029559,UB039,5,4
1000029707,AL003,4,3
1000029789,AL003,5,3
1000029811,03023,5,4
1000030222,10047,4,3
1000030232,05001,4,4
1000030232,02007,4,3
1000030322,AL003,4,3
1000030385,AL003,5,3
1000030556,PT021,5,4
1000030556,ES065,5,5
1000030556,06026,5,5
1000030684,06055,5,3
1000030688,05001,4,4
1000030688,07025,4,4
1000030698,AB010,5,4
1000030892,FC005,3,4
1000030892,FD049,3,4
1000031037,FC009,4,3
1000031712,FD035,5,4
1000031859,FD049,4,4
1000032289,AL003,4,3
1000032362,10020,3,3
1000032640,FD060,5,5
1000032724,NN025,5,3
1000032926,NN025,5,3
1000033167,01009,3,3
1000033280,01033,5,5
1000033308,NN025,5,3
1000033308,AL003,5,3
1000033536,02027,3,3
1000033536,02007,3,3
1000033763,AB005,4,4
1000033763,SC081,4,4
1000033763,PT028,4,4
1000033763,IV049,4,4
1000033764,02018,5,3
1000033775,AL024,5,4
1000033816,PT021,5,4
1000033816,PI115,5,3
1000034114,LM042,4,4
1000034114,06017,4,4
1000034177,FD083,4,3
1000034205,03026,5,4
1000034205,03028,5,5
1000034207,FD036,5,4
1000034236,FD049,5,4
1000034256,01010,5,3
1000034363,IV035,5,4
1000034363,PI153,5,3
1000034530,01017,5,4
1000034530,03013,5,4
1000034544,AL004,5,3
1000034565,AL003,5,3
1000034565,UB048,5,5
1000034789,FD067,5,5
1000035023,AL002,4,3
1000035023,PI153,4,3
1000035374,02007,4,3
1000035374,FC005,4,4
1000035374,AL003,4,3
1000035670,NN026,4,3
1000035777,FC016,5,3
1000035777,FC015,5,3
1000035911,02007,4,3
1000036001,NE010,5,4
1000036001,AL003,5,3
1000036001,08010,5,5
1000036043,06025,5,5
1000036388,AL003,3,3
1000036976,FD060,4,5
1000037029,JA026,4,4
1000037029,NN025,4,3
1000037029,NI001,4,3
1000037029,04071,4,3
1000037029,JA005,4,3
1000037029,AM003,4,3
1000037029,AL003,4,3
1000037029,NE010,4,4
1000037029,02007,4,3
1000037029,06022,4,4
1000037171,06012,4,3
1000037171,01009,4,3
1000037337,03034,5,5
1000037337,03018,5,4
1000037436,AL002,3,3
1000037467,FD027,5,4
1000037467,FD058,5,5
1000037484,01009,3,3
1000037662,11027,4,4
1000037703,PI153,3,3
1000037703,AL003,3,3
1000037703,02007,3,3
1000037970,AL003,5,3
1000037970,NN025,5,3
1000038018,LM047,5,5
1000038076,03015,5,4
1000038077,FD063,4,5
1000038151,02007,3,3
1000038151,AL003,3,3
1000038423,04023,5,5
1000038423,04020,5,5
1000038423,ES065,5,5
1000038428,02007,3,3
1000038436,AL003,3,3
1000038436,SC046,3,3
1000038436,02007,3,3
1000038444,07025,4,4
1000038695,01026,4,4
1000038715,FD056,5,5
1000038845,NN025,4,3
1000038877,NE002,4,3
1000038925,AL003,5,3
1000039121,AL024,4,4
1000039121,AL003,4,3
1000039157,04015,5,4
1000039157,02007,5,3
1000039361,02007,3,3
1000039361,01007,3,3
1000039550,AB027,3,3
1000039573,FD067,5,5
1000039597,AL003,3,3
1000039790,AL003,5,3
1000039950,02007,3,3
1000039976,03025,4,4
1000039976,FD085,4,3
1000040003,NE006,5,3
1000040036,03026,4,4
1000040092,AL003,4,3
1000040092,FD041,4,4
1000040182,PI153,3,3
1000040203,06028,5,5
1000040203,AL003,5,3
1000040203,06017,5,4
1000040320,FC017,5,3
1000040320,FD060,5,5
1000040320,AL003,5,3
1000040389,FD060,5,5
1000040389,FD085,5,3
1000040619,PI153,3,3
1000040619,AL003,3,3
1000041018,FD067,5,5
1000041167,AB009,3,4
1000041224,PI153,3,3
1000041426,NN025,5,3
1000041426,NE010,5,4
1000041426,04020,5,5
1000041509,AL003,5,3
1000041509,06017,5,4
1000041612,NN025,5,3
1000041909,AL003,4,3
1000042353,07004,5,2
1000042366,03026,5,4
1000042486,06019,4,4
1000042537,NN025,4,3
1000042537,PI153,4,3
1000042537,AL003,4,3
1000042574,FC005,4,4
1000042586,09024,5,2
1000042678,AL003,4,3
1000042678,03013,4,4
1000042806,AL003,5,3
1000042806,IN006,5,5
1000042923,02029,4,3
1000042951,FD007,4,3
1000043029,FD004,5,3
1000043226,IN024,2,2
1000043261,UB047,5,5
1000043261,AL003,5,3
1000043261,02018,5,3
1000043261,06028,5,5
1000043261,02007,5,3
1000043261,FD007,5,3
1000043263,FD063,5,5
1000043263,FD060,5,5
1000043263,AL003,5,3
1000043263,07026,5,4
1000043311,09006,5,4
1000043311,09007,5,4
1000043429,FD006,4,3
1000043465,AL003,3,3
1000043503,FD056,5,5
1000043524,01024,5,4
1000043524,FD006,5,3
1000043875,06004,2,2
1000043938,FD054,5,5
1000044131,FD029,5,4
1000044131,FD036,5,4
1000044422,FD093,4,3
1000044422,02007,4,3
1000044422,05003,4,3
1000044422,05006,4,4
1000044422,01007,4,3
1000044428,JA026,5,4
1000044729,NE005,5,3
1000044729,FD084,5,3
1000044729,UB047,5,5
1000044729,PT029,5,4
1000044729,FD040,5,4
1000044743,02007,3,3
1000044802,13008,4,4
1000044802,FD004,4,3
1000044802,02007,4,3
1000044802,03014,4,4
1000044802,AL002,4,3
1000044802,03011,4,4
1000044802,FC016,4,3
1000044802,NE006,4,3
1000044802,FC014,4,3
1000044802,SC083,4,4
1000044893,NE006,5,3
1000044893,FD092,5,3
1000044893,NN025,5,3
1000044893,FD003,5,3
1000044893,03014,5,4
1000044893,AL003,5,3
1000044893,FD041,5,4
1000044904,02007,4,3
1000045173,AL003,3,3
1000045487,RB007,4,4
1000045487,FD035,4,4
1000045487,PT021,4,4
1000045487,06022,4,4
1000045556,FD046,4,4
1000045556,IN011,4,4
1000045557,FD077,4,3
1000045557,FD036,4,4
1000045620,AL003,3,3
1000045840,AL003,5,3
1000045844,02007,3,3
1000045937,01021,4,4
1000045937,06017,4,4
1000045937,02007,4,3
1000045943,06017,4,4
1000045943,03020,4,4
1000045943,03011,4,4
1000046262,02019,4,4
1000046262,01007,4,3
1000046262,03026,4,4
1000046280,NN025,5,3
1000046280,IN017,5,4
1000046480,IN005,5,4
1000046528,04015,5,4
1000046528,06022,5,4
1000046528,LM042,5,4
1000046528,03012,5,4
1000046550,AL022,5,4
1000046550,IN014,5,4
1000046550,NE006,5,3
1000046550,AL003,5,3
1000046635,FD013,3,3
1000046635,FC005,3,4
1000046979,06055,4,3
1000047180,IV076,5,5
1000047180,SC111,5,5
1000047180,FD021,5,4
1000047208,02007,4,3
1000047476,NN040,4,4
1000047476,06022,4,4
1000047512,03033,5,5
1000047512,AM008,5,4
1000047512,AL058,5,4
1000047565,UB047,5,5
1000047686,NN026,4,3
1000047960,09014,5,5
1000047960,FD012,5,3
1000047960,NE002,5,3
1000048024,04015,4,4
1000048112,SC051,3,3
1000048331,02007,4,3
1000048385,PI153,2,3
1000048403,07005,3,2
1000048472,AL003,5,3
1000048472,AL058,5,4
1000048785,02007,4,3
1000048785,AL003,4,3
1000048810,AL003,5,3
1000048898,06007,5,3
1000048898,AL002,5,3
1000048987,FC014,3,3
1000048987,FC010,3,3
1000048987,FD084,3,3
1000049051,08023,5,5
1000049051,PT049,5,5
1000049191,03026,5,4
1000049191,ES053,5,5
1000049227,JA026,4,4
1000049227,FC016,4,3
1000049227,NE010,4,4
1000049227,FC014,4,3
1000049227,02007,4,3
1000049248,02007,5,3
1000049248,SC109,5,5
1000049248,FD063,5,5
1000049248,FD024,5,4
1000049383,FD085,4,3
1000049383,FD035,4,4
1000049818,AB003,5,5
1000049818,AL003,5,3
1000049818,06017,5,4
1000050375,AL003,3,3
1000050437,AL024,4,4
1000050437,AL003,4,3
1000050485,FD028,5,4
1000050485,FD049,5,4
1000051053,AL003,4,3
1000051053,AL058,4,4
1000051053,06017,4,4
1000051110,07024,4,4
1000051160,ES014,2,2
1000051214,02007,2,3
1000051234,LM042,5,4
1000051269,PT022,4,4
1000051294,NN025,3,3
1000051413,02007,4,3
1000051498,FD060,5,5
1000051649,09014,5,5
1000051649,UB047,5,5
1000051649,11015,5,3
1000051649,10045,5,3
1000051649,07021,5,4
1000051649,02024,5,5
1000051664,RB007,4,4
1000051808,01018,4,4
1000052456,02007,4,3
1000052508,03026,4,4
1000052508,07042,4,5
1000052629,AL003,4,3
1000052675,10019,4,3
1000052675,06017,4,4
1000052675,IV022,4,3
1000052675,FC016,4,3
1000052675,01007,4,3
1000052675,02005,4,3
1000052675,01028,4,5
1000052675,AB004,4,4
1000052871,AL003,5,3
1000052871,PI153,5,3
1000052871,06012,5,3
1000053147,AL003,4,3
1000053147,02007,4,3
1000053147,06019,4,4
1000053652,JA026,5,4
1000053652,04015,5,4
1000053763,03028,5,5
1000053763,03034,5,5
1000053763,03029,5,5
1000053797,AL003,5,3
1000053797,PI153,5,3
1000053839,06022,5,4
1000053839,06017,5,4
1000054206,FD060,5,5
1000054206,UB047,5,5
1000054248,FD060,5,5
1000054253,06028,5,5
1000054509,05005,5,4
1000054509,02029,5,3
1000054638,02009,5,5
1000054686,AL003,4,3
1000054712,FD083,4,3
1000054765,FC016,4,3
1000054766,09006,4,4
1000054766,AL003,4,3
1000054957,NN025,3,3
1000055122,FD060,5,5
1000055122,06030,5,5
1000055122,SC086,5,4
1000055160,NN025,5,3
1000055160,AL003,5,3
1000055167,04002,4,2
1000055225,02007,4,3
1000055239,UB047,5,5
1000055247,SC120,5,5
1000055297,AL003,3,3
1000055318,03034,5,5
1000055318,FD059,5,5
1000055318,LM042,5,4
1000055318,03029,5,5
1000055318,03026,5,4
1000055318,06025,5,5
1000055318,FD006,5,3
1000055318,01015,5,4
1000055318,06028,5,5
1000055318,03031,5,5
1000055318,06017,5,4
1000055318,01017,5,4
1000055318,FD063,5,5
1000055318,03033,5,5
1000055365,03020,4,4
1000055392,02007,3,3
1000055543,JA026,4,4
1000055558,02007,3,3
1000055886,SC086,5,4
1000055886,07079,5,5
1000055895,FD041,4,4
1000055895,02007,4,3
1000055895,FD017,4,4
1000055895,06017,4,4
1000055930,AL003,5,3
1000055983,07026,4,4
1000055991,01011,5,4
1000056002,PT021,5,4
1000056002,UB028,5,4
1000056002,UB048,5,5
1000056002,04021,5,5
1000056002,PT023,5,4
1000056011,IV035,5,4
1000056011,07042,5,5
1000056016,FC015,5,3
1000056081,FD041,5,4
1000056090,AL004,5,3
1000056090,06017,5,4
1000056102,IN001,5,5
1000056102,01033,5,5
1000056344,11008,5,4
1000056400,JH014,5,4
1000056400,UB047,5,5
1000056406,FD035,5,4
1000057273,AL003,5,3
1000057489,02007,4,3
1000057489,AL003,4,3
1000057509,13008,5,4
1000057509,02007,5,3
1000057528,02007,5,3
1000057667,FD040,5,4
1000057667,UB044,5,5
1000057667,FD036,5,4
1000057959,02007,5,3
1000058378,AL003,5,3
1000058389,FC015,3,3
1000058389,AL003,3,3
1000058416,09007,4,4
1000058434,AB004,5,4
1000058518,JA019,5,3
1000058697,AL003,5,3
1000058697,06017,5,4
1000058762,02007,4,3
1000059256,PI152,4,2
1000059516,PI108,4,2
1000059962,FD060,5,5
1000059962,03034,5,5
1000060419,JA022,5,4
1000060419,03018,5,4
1000060419,PI153,5,3
1000060419,03028,5,5
1000060419,IV035,5,4
1000060419,AL003,5,3
1000060419,UB039,5,4
1000060419,FD035,5,4
1000060419,FD029,5,4
1000060419,06025,5,5
1000060840,FD035,5,4
1000060840,AL003,5,3
1000061580,FD008,5,3
1000061580,16002,5,4
1000061649,AL003,3,3
1000061811,AL003,4,3
1000061811,AL024,4,4
1000061896,AL003,3,3
1000061968,FD010,4,3
1000062000,03034,5,5
1000062000,02012,5,5
1000062000,04020,5,5
1000062000,FD089,5,4
1000062142,03034,5,5
1000062164,FD077,4,3
1000062164,AL003,4,3
1000062227,13008,5,4
1000062227,IV035,5,4
1000062227,06022,5,4
1000062301,FC005,4,4
1000062362,03030,5,5
1000062387,UA002,4,3
1000062448,FD011,3,3
1000062448,FD008,3,3
1000062604,UB041,4,4
1000062829,06017,4,4
1000062871,NE002,5,3
1000062871,SC123,5,3
1000062871,AL003,5,3
1000062871,SC097,5,4
1000062871,NN025,5,3
1000062882,04015,5,4
1000062882,06027,5,5
1000062882,01033,5,5
1000062934,FD008,3,3
1000063473,17006,5,5
1000063536,NN022,3,2
1000063728,AL003,4,3
1000063748,AL003,4,3
1000063927,FC005,4,4
1000064603,IN001,5,5
1000064603,07042,5,5
1000064603,AL024,5,4
1000064603,AL003,5,3
1000064603,UB047,5,5
1000064770,AL003,4,3
1000064770,02007,4,3
1000064796,IV021,5,3
1000064796,03018,5,4
1000064796,03028,5,5
1000064796,FD060,5,5
1000064796,03034,5,5
1000064796,SC010,5,2
1000064796,03003,5,2
1000064796,SC025,5,2
1000064850,02007,3,3
1000065181,FD060,5,5
1000065181,FD056,5,5
1000065181,04023,5,5
1000065181,NN020,5,2
1000065181,FD082,5,3
1000065181,NN024,5,3
1000065204,08018,5,4
1000065213,FD077,5,3
1000065213,AL003,5,3
1000065213,AL004,5,3
1000065213,AL058,5,4
1000065322,06022,5,4
1000065322,03028,5,5
1000065322,03017,5,4
1000065322,03026,5,4
1000065322,03027,5,4
1000065322,01018,5,4
1000065426,02007,3,3
1000065859,06017,4,4
1000065859,03011,4,4
1000065973,02018,3,3
1000066090,06055,4,3
1000066090,NN018,4,5
1000066090,UA002,4,3
1000066092,AL003,4,3
1000066255,FD023,5,4
1000066255,NN025,5,3
1000066372,FD083,4,3
1000066754,13008,5,4
1000066754,IV035,5,4
1000066754,06022,5,4
1000066815,02007,3,3
1000066815,01007,3,3
1000066968,AL003,4,3
1000067517,PI153,3,3
1000067533,AL003,3,3
1000067632,03015,5,4
1000067632,02007,5,3
1000067632,02013,5,5
1000067632,AL003,5,3
1000067632,06017,5,4
1000067713,IN025,4,3
1000067713,PI152,4,2
1000067713,AL024,4,4
1000067713,AL023,4,4
1000067713,01057,4,4
1000067713,NN026,4,3
1000067886,02007,4,3
1000068077,AL002,5,3
1000068085,03026,5,4
1000068202,PI153,4,3
1000068202,02007,4,3
1000068659,NN025,5,3
1000068659,AL003,5,3
1000068805,FD060,5,5
1000068805,FD029,5,4
1000068816,02007,4,3
1000068836,06030,5,5
1000068836,07021,5,4
1000068848,UB047,5,5
1000068848,02014,5,5
1000068848,AL035,5,5
1000068848,AL004,5,3
1000068848,06025,5,5
1000068848,04015,5,4
1000068848,06017,5,4
1000068848,06022,5,4
1000068848,08005,5,5
1000069628,02011,5,4
1000069628,FD025,5,4
1000069628,JA019,5,3
1000069628,IN001,5,5
1000069628,JH006,5,4
1000069628,AB016,5,5
1000069628,FD060,5,5
1000069628,FD019,5,4
1000069681,FD007,4,3
1000069735,AL003,4,3
1000069751,AB026,3,3
1000069813,05005,4,4
1000070221,06059,5,3
1000070221,AL003,5,3
1000070221,PI153,5,3
1000070280,JA034,4,4
1000070285,13011,5,5
1000070337,FD085,4,3
1000070337,ET030,4,3
1000070343,AL003,4,3
1000070366,02007,4,3
1000070593,02007,4,3
1000070627,SC120,5,5
1000070668,FD063,5,5
1000070707,NI001,3,3
1000070707,FC014,3,3
1000070800,07019,5,3
1000070834,AL003,4,3
1000070855,PT001,5,4
1000070855,04020,5,5
1000070876,FD060,5,5
1000070876,08014,5,3
1000070876,02024,5,5
1000070876,01034,5,5
1000070876,02014,5,5
1000070876,02011,5,4
1000070925,AL003,4,3
1000070933,02007,4,3
1000070933,IV035,4,4
1000070957,07042,5,5
1000070957,03029,5,5
1000070957,03030,5,5
1000070957,17006,5,5
1000071030,LM047,5,5
1000071100,FD082,5,3
1000071100,FD036,5,4
1000071100,UB047,5,5
1000071100,06025,5,5
1000071100,FD058,5,5
1000071100,AL003,5,3
1000071100,05004,5,4
1000071224,AL003,5,3
1000071242,IV022,5,3
1000071242,03028,5,5
1000071242,01009,5,3
1000071242,07021,5,4
1000071242,03026,5,4
1000071242,02007,5,3
1000071242,03030,5,5
1000071289,06022,4,4
1000071338,AL004,4,3
1000071560,06017,5,4
1000071560,06025,5,5
1000071591,02007,4,3
1000071591,06022,4,4
1000071591,06017,4,4
1000071605,IN001,5,5
1000071613,04015,5,4
1000071613,JA028,5,4
1000071613,06025,5,5
1000071613,JA026,5,4
1000071613,IN001,5,5
1000071613,01039,5,5
1000071613,FD059,5,5
1000071623,06025,5,5
1000071623,JA026,5,4
1000071638,AL003,5,3
1000071756,IN001,5,5
1000071906,FD054,5,5
1000071906,14002,5,4
1000071906,SC087,5,4
1000072121,02007,3,3
1000072181,01010,5,3
1000072346,08014,4,3
1000072413,06025,5,5
1000072454,AL003,4,3
1000072578,07026,4,4
1000072848,NN025,5,3
1000072848,AB020,5,4
1000072848,JA019,5,3
1000072848,ES066,5,5
1000072848,UB047,5,5
1000072848,EU017,5,5
1000072848,AL004,5,3
1000072848,UB048,5,5
1000072848,AL003,5,3
1000072848,EZ001,5,4
1000072967,NN018,5,5
1000073147,04021,5,5
1000073147,02007,5,3
1000073241,AB031,3,3
1000073331,NE002,3,3
1000073424,FD075,4,3
1000073455,FD027,5,4
1000073462,IN001,5,5
1000073462,FD063,5,5
1000073462,EZ019,5,2
1000073462,EU020,5,4
1000073462,SC107,5,5
1000073467,03026,4,4
1000073496,PI124,5,3
1000073512,07026,5,4
1000073607,02007,3,3
1000073664,AL003,3,3
1000073720,IV011,5,3
1000073900,03015,5,4
1000073900,02007,5,3
1000073948,NI001,5,3
1000073948,AL003,5,3
1000073987,01018,5,4
1000074037,FD083,4,3
1000074037,FD008,4,3
1000074124,07045,4,5
1000074124,AL016,4,4
1000074138,NE006,4,3
1000074138,PI153,4,3
1000074329,01034,5,5
1000074380,03026,5,4
1000074395,02007,4,3
1000074395,02001,4,4
1000074442,PI139,5,4
1000074442,SC089,5,4
1000074464,NE009,5,4
1000074464,FD060,5,5
1000074464,PT001,5,4
1000074534,AL003,5,3
1000074550,08014,5,3
1000074553,03031,5,5
1000074553,FD006,5,3
1000074589,02007,3,3
1000074670,FD067,5,5
1000074812,03026,5,4
1000074865,02007,3,3
1000074985,14005,4,4
1000075001,FD058,5,5
1000075038,FD077,4,3
1000075042,FD049,5,4
1000075042,FD077,5,3
1000075133,06028,5,5
1000075163,03029,5,5
1000075163,03018,5,4
1000075203,AL003,3,3
1000075232,02007,4,3
1000075232,03014,4,4
1000075232,06017,4,4
1000075312,06012,4,3
1000075557,FD027,4,4
1000075557,AL003,4,3
1000075645,ES022,3,3
1000075673,FD049,4,4
1000075673,FD036,4,4
1000075673,LM042,4,4
1000075673,AL058,4,4
1000075685,06028,5,5
1000075685,06025,5,5
1000075685,06017,5,4
1000075721,AL003,3,3
1000075754,AL003,4,3
1000075848,AL003,4,3
1000075989,02007,5,3
1000076063,AL003,4,3
1000076063,FC005,4,4
1000076096,02007,4,3
1000076096,06022,4,4
1000076096,13009,4,4
1000076096,06017,4,4
1000076096,AL003,4,3
1000076096,SC046,4,3
1000076165,NN026,5,3
1000076165,AL024,5,4
1000076165,06017,5,4
1000076241,06017,4,4
1000076315,UB045,5,5
1000076333,04023,5,5
1000076333,PT006,5,3
1000076333,FD088,5,4
1000076333,FD074,5,2
1000076333,FD035,5,4
1000076333,NE011,5,4
1000076333,03013,5,4
1000076333,ES022,5,3
1000076333,UB026,5,3
1000076333,06018,5,4
1000076333,AL003,5,3
1000076333,FD037,5,4
1000076333,IN018,5,4
1000076379,01018,4,4
1000076388,PI146,5,5
1000076388,FD035,5,4
1000076690,02007,4,3
1000076782,AL024,4,4
1000077148,AL003,5,3
1000077151,FD057,5,5
1000077165,13018,5,4
1000077165,06022,5,4
1000077165,09051,5,5
1000077165,06025,5,5
1000077339,03029,5,5
1000077391,09024,2,2
1000077395,07021,4,4
1000077395,02007,4,3
1000077395,03026,4,4
1000077427,03026,5,4
1000077548,PT006,3,3
1000077548,FD035,3,4
1000077548,02007,3,3
1000077576,03028,5,5
1000077623,AL003,4,3
1000077634,FD057,5,5
1000077644,AM008,5,4
1000077830,NN025,4,3
1000077830,ET031,4,3
1000077837,03011,5,4
1000077842,17005,4,4
1000077849,09014,5,5
1000077851,03014,5,4
1000077851,06017,5,4
1000078017,NN025,3,3
1000078047,06033,4,3
1000078047,07012,4,3
1000078064,NE002,5,3
1000078064,02007,5,3
1000078064,NN025,5,3
1000078113,03034,5,5
1000078113,NN004,5,5
1000078113,FD058,5,5
1000078113,FD036,5,4
1000078113,PT004,5,4
1000078118,NE006,4,3
1000078190,FD060,5,5
1000078190,FD035,5,4
1000078365,FC005,5,4
1000078365,06014,5,3
1000078365,13009,5,4
1000078477,AL003,5,3
1000078477,FC005,5,4
1000078477,03028,5,5
1000078540,06025,5,5
1000078656,01011,4,4
1000078656,06007,4,3
1000078656,03016,4,4
1000078682,AL003,4,3
1000078757,06017,4,4
1000078783,FD057,5,5
1000078783,AB032,5,3
1000078783,UA002,5,3
1000078783,FC015,5,3
1000078832,UB010,5,3
1000078832,FD089,5,4
1000078832,AL003,5,3
1000078832,SC035,5,3
1000078873,01010,4,3
1000078945,03034,5,5
1000078945,01034,5,5
1000078971,06022,4,4
1000079029,AL003,5,3
1000079029,05005,5,4
1000079029,13008,5,4
1000079029,PI153,5,3
1000079062,PT046,5,3
1000079062,04015,5,4
1000079062,PT002,5,4
1000079062,LM032,5,4
1000079062,RB007,5,4
1000079062,07045,5,5
1000079062,UB031,5,4
1000079062,UB048,5,5
1000079062,AL027,5,4
1000079115,03034,5,5
1000079115,03028,5,5
1000079142,IV076,5,5
1000079142,FD054,5,5
1000079221,08014,3,3
1000079221,02005,3,3
1000079221,01007,3,3
1000079226,UB048,5,5
1000079279,03026,4,4
1000079283,IN006,5,5
1000079283,03026,5,4
1000079283,03020,5,4
1000079326,FD086,5,4
1000079326,03020,5,4
1000079326,AL002,5,3
1000079326,AL058,5,4
1000079326,UB047,5,5
1000079379,04022,5,5
1000079379,13012,5,5
1000079379,07021,5,4
1000079379,05011,5,3
1000079379,07044,5,5
1000079399,FD085,4,3
1000079437,07042,4,5
1000079437,EU017,4,5
1000079538,03029,5,5
1000079538,03028,5,5
1000079538,AL003,5,3
1000079538,03034,5,5
1000079539,JA002,3,2
1000079566,02007,5,3
1000079566,AL003,5,3
1000079566,UB047,5,5
1000079566,11006,5,3
1000079566,05003,5,3
1000079649,02007,3,3
1000079660,FD006,4,3
1000079822,FD056,5,5
1000079822,FD041,5,4
1000079822,FD021,5,4
1000079822,FD006,5,3
1000079822,06017,5,4
1000079904,FD004,3,3
1000079985,03029,5,5
1000079985,FD007,5,3
1000079990,05003,3,3
1000079997,06022,4,4
1000080087,IN003,5,4
1000080087,PI146,5,5
1000080103,NN025,3,3
1000080140,06028,5,5
1000080140,06025,5,5
1000080140,06017,5,4
1000080140,FD067,5,5
1000080176,AL003,3,3
1000080392,FD063,5,5
1000080392,02012,5,5
1000080430,01021,3,4
1000080505,NN025,5,3
1000080505,NE008,5,3
1000080505,AL024,5,4
1000080505,NE006,5,3
1000080534,FD067,5,5
1000080597,02007,4,3
1000080640,FD060,5,5
1000080699,FD067,5,5
1000080699,FD063,5,5
1000080699,FD054,5,5
1000080699,FD019,5,4
1000080699,FD017,5,4
1000080699,EU020,5,4
1000080699,FD060,5,5
1000080699,PT050,5,5
1000080699,AL058,5,4
1000080699,FD056,5,5
1000080913,IN001,5,5
1000080974,02007,4,3
1000080974,AL003,4,3
1000080997,AL003,5,3
1000081002,06055,5,3
1000081020,14005,4,4
1000081068,AL003,3,3
1000081126,AL003,4,3
1000081131,FC016,4,3
1000081131,06015,4,3
1000081155,06025,5,5
1000081155,06017,5,4
1000081239,04015,3,4
1000081272,03031,5,5
1000081272,03028,5,5
1000081272,03029,5,5
1000081302,UB035,4,4
1000081302,02023,4,4
1000081302,01018,4,4
1000081303,03026,4,4
1000081322,03033,5,5
1000081322,02004,5,4
1000081332,01033,5,5
1000081332,01027,5,5
1000081332,02001,5,4
1000081332,07043,5,5
1000081332,02007,5,3
1000081351,IV009,4,3
1000081351,AL024,4,4
1000081351,OM009,4,3
1000081351,NN038,4,3
1000081351,UA002,4,3
1000081399,UA002,5,3
1000081399,FD060,5,5
1000081399,OM020,5,4
1000081399,FD054,5,5
1000081399,16002,5,4
1000081399,EU017,5,5
1000081425,03029,4,5
1000081425,02007,4,3
1000081425,06022,4,4
1000081469,01017,3,4
1000081475,03018,4,4
1000081475,03026,4,4
1000081551,FD035,5,4
1000081587,FD060,5,5
1000081587,ES004,5,2
1000081587,AL003,5,3
1000081709,FC005,5,4
1000081722,PI122,4,3
1000081727,FD060,5,5
1000081766,06003,3,2
1000081766,AB003,3,5
1000081766,FD085,3,3
1000081766,06024,3,4
1000081766,AL002,3,3
1000081766,AL003,3,3
1000081766,PI152,3,2
1000081766,12020,3,3
1000081917,NI001,4,3
1000081917,NE002,4,3
1000081917,FD083,4,3
1000081917,FD008,4,3
1000081917,ES026,4,3
1000081917,06010,4,3
1000081917,JA019,4,3
1000081996,02029,4,3
1000082035,03011,5,4
1000082055,FD004,5,3
1000082177,PI153,4,3
1000082222,03028,5,5
1000082222,03026,5,4
1000082270,03026,5,4
1000082271,12046,5,3
1000082271,06028,5,5
1000082271,06025,5,5
1000082271,06017,5,4
1000082271,12006,5,3
1000082271,17006,5,5
1000082458,JA004,5,3
1000082463,02024,5,5
1000082463,02014,5,5
1000082482,NE014,5,4
1000082482,LM042,5,4
1000082530,06022,5,4
1000082601,FD087,5,4
1000082601,FD058,5,5
1000082601,UB047,5,5
1000082673,AL058,5,4
1000082673,AL002,5,3
1000082675,FD049,4,4
1000082743,JA022,4,4
1000082784,NN025,3,3
1000082988,06024,5,4
1000083003,01033,5,5
1000083003,01026,5,4
1000083004,17006,5,5
1000083004,UB047,5,5
1000083004,02007,5,3
1000083137,01009,4,3
1000083137,02007,4,3
1000083137,PT023,4,4
1000083147,01034,5,5
1000083147,03028,5,5
1000083147,03029,5,5
1000083147,03017,5,4
1000083147,01018,5,4
1000083147,IN001,5,5
1000083175,AL003,4,3
1000083196,03003,4,2
1000083196,06003,4,2
1000083256,FD036,4,4
1000083312,ES038,5,4
1000083312,IN001,5,5
1000083312,FD086,5,4
1000083312,01017,5,4
1000083312,03026,5,4
1000083312,FD036,5,4
1000083312,FD011,5,3
1000083312,06025,5,5
1000083312,06017,5,4
1000083449,AL002,3,3
1000083453,07020,3,3
1000083459,AL003,5,3
1000083459,UB047,5,5
1000083591,AL003,3,3
1000083621,FD077,4,3
1000083653,FD040,5,4
1000083658,01018,4,4
1000083817,03029,5,5
1000083817,04011,5,4
1000083817,09014,5,5
1000083817,FD058,5,5
1000083817,RB007,5,4
1000083839,03028,5,5
1000083839,02007,5,3
1000083955,02007,4,3
1000083955,03026,4,4
1000083955,PI153,4,3
1000084074,UB047,5,5
1000084241,EU005,4,3
1000084317,EU017,5,5
1000084351,07026,5,4
1000084351,AL003,5,3
1000084474,06017,4,4
1000084503,02007,5,3
1000084503,03012,5,4
1000084503,SC105,5,5
1000084518,06010,3,3
1000084537,FD063,5,5
1000084537,FD060,5,5
1000084537,02007,5,3
1000084537,FD027,5,4
1000084647,FD036,5,4
1000084647,NN020,5,2
1000084653,FD058,5,5
1000084653,03012,5,4
1000084653,06018,5,4
1000084673,13008,4,4
1000084677,03029,5,5
1000084688,02007,5,3
1000084724,01017,4,4
1000084724,FC005,4,4
1000084724,02007,4,3
1000084724,IV035,4,4
1000084843,02012,5,5
1000084843,02007,5,3
1000084894,AL003,4,3
1000085089,AL003,4,3
1000085160,13008,4,4
1000085327,JA019,5,3
1000085327,03020,5,4
1000085327,07026,5,4
1000085386,02007,3,3
1000085426,01030,5,5
1000085493,LM042,4,4
1000085635,03028,5,5
1000085635,06025,5,5
1000085717,04023,5,5
1000085717,FD056,5,5
1000085741,06022,5,4
1000085741,SC087,5,4
1000085765,02007,4,3
1000085765,FC010,4,3
1000085765,FC009,4,3
1000085765,13008,4,4
1000085914,FC005,5,4
1000085914,AL003,5,3
1000085932,AL058,5,4
1000085948,03026,5,4
1000086029,06022,5,4
1000086029,06017,5,4
1000086033,AB013,5,5
1000086033,AL033,5,5
1000086033,06017,5,4
1000086033,SC103,5,5
1000086035,FD008,5,3
1000086035,02011,5,4
1000086119,02007,5,3
1000086128,FC010,4,3
1000086168,SC120,5,5
1000086182,PI124,4,3
1000086227,NE006,4,3
1000086267,03028,5,5
1000086322,AB003,5,5
1000086322,FD067,5,5
1000086322,06017,5,4
1000086322,02007,5,3
1000086408,06023,4,4
1000086434,12046,5,3
1000086742,AL003,4,3
1000086836,02007,3,3
1000087078,FD060,5,5
1000087078,02007,5,3
1000087198,02007,3,3
1000087344,02007,3,3
1000087361,01017,3,4
1000087361,02007,3,3
1000087361,AL003,3,3
1000087442,NN044,4,4
1000087442,PI153,4,3
1000087462,AL003,3,3
1000087530,03028,5,5
1000087625,17006,5,5
1000087625,02007,5,3
1000087644,FD008,4,3
1000087644,FD034,4,4
1000087769,13008,4,4
1000087769,02007,4,3
1000087775,07045,5,5
1000087775,02011,5,4
1000087788,IN003,5,4
1000087788,07041,5,5
1000087920,FD060,5,5
1000087920,06029,5,5
1000087920,01037,5,5
1000087920,01017,5,4
1000087920,FD066,5,5
1000087927,04021,5,5
1000087996,02007,4,3
1000088086,06017,4,4
1000088176,UB047,5,5
1000088201,02007,3,3
1000088273,03033,5,5
1000088298,LM042,4,4
1000088332,03026,4,4
1000088663,NN025,3,3
1000088762,AL003,4,3
1000088870,13008,4,4
1000088873,FC016,4,3
1000088873,IV009,4,3
1000088873,AL003,4,3
1000088873,FC015,4,3
1000088991,AL003,3,3
1000089025,FD004,4,3
1000089056,03028,5,5
1000089056,NN045,5,4
1000089176,AB009,4,4
1000089246,03015,5,4
1000089246,12027,5,3
1000089246,06023,5,4
1000089246,02007,5,3
1000089246,07019,5,3
1000089247,01017,4,4
1000089247,03026,4,4
1000089247,06022,4,4
1000089247,03018,4,4
1000089256,02007,4,3
1000089256,PI123,4,3
1000089334,06027,5,5
1000089358,PI153,4,3
1000089358,AL003,4,3
1000089384,ET024,4,4
1000089384,NN025,4,3
1000089384,AL024,4,4
1000089483,IN001,5,5
1000089483,02001,5,4
1000089483,06017,5,4
1000089590,NN025,4,3
1000089702,03004,3,2
1000089728,ES065,5,5
1000089728,ES052,5,5
1000089762,FC005,4,4
1000089762,13024,4,4
1000089762,10045,4,3
1000089762,FC016,4,3
1000089762,02018,4,3
1000089762,AL003,4,3
1000089842,AL003,5,3
1000089862,06012,3,3
1000089862,02007,3,3
1000089908,11002,5,5
1000090028,03018,5,4
1000090048,01018,4,4
1000090115,03029,5,5
1000090115,03028,5,5
1000090287,FD008,3,3
1000090347,09006,5,4
1000090347,10006,5,4
1000090573,FD067,5,5
1000090573,IN003,5,4
1000090795,NE006,5,3
1000090795,AL004,5,3
1000091013,06055,4,3
1000091235,03034,5,5
1000091618,PI153,4,3
1000091618,FD077,4,3
1000091618,FD009,4,3
1000091621,01032,5,5
1000091621,07039,5,5
1000091621,AL003,5,3
1000091686,06057,5,3
1000091686,06030,5,5
1000091686,AL058,5,4
1000091686,NN025,5,3
1000091686,02013,5,5
1000091686,02007,5,3
1000091686,PI153,5,3
1000091743,AL003,3,3
1000091771,PI153,3,3
1000091893,02007,4,3
1000091893,AL003,4,3
1000091914,FD064,5,5
1000091914,FD059,5,5
1000091914,FC016,5,3
1000091966,NN025,3,3
1000092064,AL003,4,3
1000092095,UB047,5,5
1000092095,03029,5,5
1000092095,03028,5,5
1000092095,03015,5,4
1000092176,07005,3,2
1000092262,03026,5,4
1000092262,PT021,5,4
1000092580,ES015,4,2
1000092590,PI103,2,2
1000092695,02007,4,3
1000092695,FD041,4,4
1000092695,PI112,4,2
1000092695,NN039,4,3
1000092695,PT030,4,4
1000092695,ES002,4,2
1000092695,RB007,4,4
1000092769,06055,5,3
1000092788,FD017,5,4
1000092788,02024,5,5
1000092788,02012,5,5
1000092788,02011,5,4
1000092788,UB039,5,4
1000092788,02009,5,5
1000092788,05002,5,3
1000092838,06024,4,4
1000092906,01007,3,3
1000092947,12066,4,3
1000092971,02002,5,5
1000092971,04023,5,5
1000092971,UA005,5,4
1000092971,13011,5,5
1000092971,SC120,5,5
1000093009,03031,5,5
1000093009,01034,5,5
1000093020,03018,4,4
1000093224,03028,5,5
1000093302,AL003,5,3
1000093388,06004,2,2
1000093636,03026,5,4
1000093636,NN040,5,4
1000093636,03020,5,4
1000093673,FD060,5,5
1000093673,SC086,5,4
1000093673,02014,5,5
1000093678,NE006,4,3
1000093708,07006,3,3
1000093896,03026,5,4
1000093896,03020,5,4
1000094001,02007,3,3
1000094050,06022,5,4
1000094050,06017,5,4
1000094140,AL002,3,3
1000094253,06019,2,4
1000094291,03013,4,4
1000094461,02007,4,3
1000094527,NN044,5,4
1000094527,EU017,5,5
1000094527,FD067,5,5
1000094584,FD054,5,5
1000094584,FD065,5,5
1000094584,FD067,5,5
1000094584,FD034,5,4
1000094584,05001,5,4
1000094702,02007,4,3
1000094713,AL058,4,4
1000094758,NN044,5,4
1000094758,EU017,5,5
1000094758,EU015,5,4
1000094758,PT001,5,4
1000094797,02007,4,3
1000094826,02007,3,3
1000094826,03004,3,2
1000094833,FC012,3,3
1000094833,AL003,3,3
1000094874,02007,5,3
1000094922,06050,5,4
1000094963,FD036,4,4
1000094988,FD007,3,3
1000095062,13008,4,4
1000095207,PI153,4,3
1000095207,02007,4,3
1000095323,07026,5,4
1000095323,01017,5,4
1000095323,07035,5,5
1000095323,07034,5,5
1000095323,07033,5,5
1000095323,07024,5,4
1000095323,FD033,5,4
1000095323,06025,5,5
1000095323,06022,5,4
1000095323,07025,5,4
1000095357,AM008,5,4
1000095357,PT001,5,4
1000095407,03028,5,5
1000095407,03018,5,4
1000095426,02007,3,3
1000095519,02007,4,3
1000095519,LM042,4,4
1000095562,FD063,5,5
1000095562,02007,5,3
1000095562,FC017,5,3
1000095562,PI152,5,2
1000095615,AL003,5,3
1000095759,AL003,4,3
1000095763,LM042,4,4
1000095763,06017,4,4
1000095787,FD060,5,5
1000095787,FD035,5,4
1000095905,02007,4,3
1000095915,AL034,5,5
1000096260,AL003,3,3
1000096420,09009,4,4
1000096424,03034,5,5
1000096424,03028,5,5
1000096451,06021,5,4
1000096451,06019,5,4
1000096451,02011,5,4
1000096518,02007,5,3
1000096518,NN025,5,3
1000096518,AB028,5,3
1000096518,LM018,5,3
1000096518,IN021,5,3
1000096518,FC010,5,3
1000096518,06025,5,5
1000096518,AM003,5,3
1000096518,PT015,5,4
1000096518,06022,5,4
1000096518,02013,5,5
1000096518,06017,5,4
1000096518,SC007,5,2
1000096571,06018,5,4
1000096613,07042,5,5
1000096613,IV081,5,5
1000096613,04020,5,5
1000096613,01034,5,5
1000096713,03034,5,5
1000096713,JA019,5,3
1000096713,03026,5,4
1000096713,07042,5,5
1000096738,FC005,4,4
1000096738,AL003,4,3
1000096754,FD008,5,3
1000096754,02007,5,3
1000097073,FD085,4,3
1000097103,FD058,5,5
1000097103,FD049,5,4
1000097331,03023,4,4
1000097331,03015,4,4
1000097336,01033,5,5
1000097336,02007,5,3
1000097336,08022,5,5
1000097336,UB047,5,5
1000097336,FD060,5,5
1000097359,FD067,5,5
1000097359,FC014,5,3
1000097359,FD056,5,5
1000097361,FD049,4,4
1000097361,NN042,4,4
1000097361,RB007,4,4
1000097542,11008,4,4
1000097708,03028,5,5
1000097708,FD036,5,4
1000097708,FD035,5,4
1000097720,01021,5,4
1000097720,02014,5,5
1000097720,03028,5,5
1000097734,FD049,4,4
1000097734,FD035,4,4
1000097746,FD085,4,3
1000097768,FD085,5,3
1000097768,FD064,5,5
1000097768,FD058,5,5
1000097843,02007,4,3
1000097899,FD060,5,5
1000097899,FC014,5,3
1000097899,FC005,5,4
1000097899,05005,5,4
1000097899,AL003,5,3
1000097899,AL024,5,4
1000097939,SC086,5,4
1000098052,01039,5,5
1000098069,07026,5,4
1000098072,PI102,4,2
1000098072,AL004,4,3
1000098206,AL003,4,3
1000098223,08011,5,4
1000098223,07025,5,4
1000098223,07026,5,4
1000098245,FD049,3,4
1000098371,FD054,5,5
1000098371,01015,5,4
1000098371,FD058,5,5
1000098411,IN011,5,4
1000098411,07042,5,5
1000098411,07033,5,5
1000098411,FD066,5,5
1000098542,03024,5,4
1000098542,10007,5,4
1000098744,IN001,5,5
1000098755,NE006,5,3
1000099094,FD021,4,4
1000099094,06023,4,4
1000099163,04074,4,3
1000099163,02016,4,4
1000099374,JA026,5,4
1000099420,UB047,5,5
1000099448,13008,4,4
1000099501,PI153,5,3
1000099548,AL003,5,3
1000099548,IN001,5,5
1000099643,AL003,4,3
1000099664,UB048,5,5
1000099886,AL003,5,3
1000100011,AB016,5,5
1000100235,02007,4,3
1000100235,08019,4,4
1000100235,FC013,4,3
1000100235,06023,4,4
1000100235,AL046,4,5
1000100268,FD058,5,5
1000100377,02007,5,3
1000100377,06028,5,5
1000100377,06017,5,4
1000100377,06006,5,3
1000100407,09016,5,5
1000100423,01033,5,5
1000100603,03028,5,5
1000101101,03029,5,5
1000101101,07025,5,4
1000101101,07023,5,4
1000101213,IN022,4,3
1000101213,JA026,4,4
1000101221,NE006,5,3
1000101299,03028,5,5
1000101299,06017,5,4
1000101381,07020,4,3
1000101401,01018,5,4
1000101401,IN001,5,5
1000101401,NN052,5,4
1000101554,FD036,5,4
1000101555,PI112,2,2
1000101618,FC005,5,4
1000101618,06025,5,5
1000101618,06017,5,4
1000101782,06025,5,5
1000101782,SC006,5,2
1000101782,FD063,5,5
1000101812,07026,5,4
1000101871,03014,5,4
1000101871,05003,5,3
1000102095,07021,5,4
1000102095,FD060,5,5
1000102095,AL033,5,5
1000102345,07025,4,4
1000102408,NN025,4,3
1000102408,PI153,4,3
1000102438,AL003,4,3
1000102452,AL003,4,3
1000102602,05001,4,4
1000102789,NN025,5,3
1000102789,03034,5,5
1000102789,03020,5,4
1000102789,01021,5,4
1000102789,AM008,5,4
1000102789,01057,5,4
1000102789,06017,5,4
1000102789,02007,5,3
1000103009,02007,3,3
1000103061,AB016,5,5
1000103061,06028,5,5
1000103061,06021,5,4
1000103091,02007,3,3
1000103442,07045,5,5
1000103453,09014,5,5
1000103453,FC016,5,3
1000103453,03015,5,4
1000103453,IV082,5,5
1000103453,AL003,5,3
1000103453,06017,5,4
1000103453,UB048,5,5
1000103453,02007,5,3
1000104825,03026,4,4
1000105404,FD063,5,5
1000105404,06025,5,5
1000105645,AL003,3,3
1000106278,NN025,3,3
1000106626,02007,3,3
1000106983,NE002,4,3
1000107370,06024,5,4
1000107546,06018,4,4
1000108571,02007,3,3
1000109265,02007,5,3
1000109423,AL003,3,3
1000109957,06017,4,4
1000109961,JA034,5,4
1000110064,03028,5,5
1000110112,FD057,5,5
1000110112,02007,5,3
1000110112,06025,5,5
1000110344,NE008,4,3
1000110492,AL003,4,3
1000110492,02007,4,3
1000110879,LM042,4,4
1000110879,ES038,4,4
1000110879,AL058,4,4
1000110957,06017,4,4
1000110984,06025,5,5
1000111101,NN044,4,4
1000111101,LM049,4,4
1000111101,FD041,4,4
1000111101,FD007,4,3
1000111101,AL003,4,3
1000111236,PI153,3,3
1000111320,NN026,4,3
1000111320,UB027,4,3
1000111328,07041,5,5
1000111400,02007,4,3
1000111400,07025,4,4
1000111400,07024,4,4
1000112010,NE006,5,3
1000112010,NN025,5,3
1000112010,NE008,5,3
1000112010,03034,5,5
1000112010,03028,5,5
1000112010,07042,5,5
1000112010,FD063,5,5
1000112010,FC005,5,4
1000112010,AL004,5,3
1000112010,AL003,5,3
1000112010,UB047,5,5
1000112010,SC086,5,4
1000112913,IN006,4,5
1000112996,AL003,3,3
1000113021,03012,5,4
1000113021,04020,5,5
1000113056,AB020,5,4
1000113056,01007,5,3
1000113168,AM003,3,3
1000113320,AL003,5,3
1000113320,RB007,5,4
1000114144,02007,3,3
1000114144,AL003,3,3
1000114224,RB007,4,4
1000114263,03017,4,4
1000114264,NN053,5,4
1000114264,FD006,5,3
1000114264,FC018,5,3
1000114264,FC017,5,3
1000114264,FC008,5,2
1000114264,06023,5,4
1000114785,01007,5,3
1000114785,01021,5,4
1000114959,NN025,5,3
1000114959,AL022,5,4
1000115005,ES010,5,2
1000115005,04071,5,3
1000115005,AL003,5,3
1000115005,UA002,5,3
1000115237,AL003,4,3
1000115375,LM050,4,4
1000116105,03015,4,4
1000116202,NN024,4,3
1000116202,AL003,4,3
1000116552,FD034,4,4
1000116722,NE006,5,3
1000116722,11016,5,3
1000116722,06025,5,5
1000116722,06017,5,4
1000116815,PI153,3,3
1000116818,JA026,5,4
1000116818,NN025,5,3
1000116818,LM042,5,4
1000116818,JA028,5,4
1000116818,03029,5,5
1000116818,IV035,5,4
1000116818,07034,5,5
1000116818,FD041,5,4
1000116818,FD036,5,4
1000116818,FD035,5,4
1000116818,UB047,5,5
1000116818,03015,5,4
1000116818,06028,5,5
1000116818,06025,5,5
1000116818,03013,5,4
1000116818,06022,5,4
1000116818,AL016,5,4
1000116818,AL003,5,3
1000116818,02010,5,5
1000116818,06017,5,4
1000116818,17006,5,5
1000116818,RB007,5,4
1000116818,PT029,5,4
1000116818,PI153,5,3
1000116895,NN025,5,3
1000116895,03028,5,5
1000116895,10003,5,4
1000116895,09006,5,4
1000116895,06017,5,4
1000117053,07025,4,4
1000117242,02007,4,3
1000117567,ES022,5,3
1000117567,AL024,5,4
1000117567,AL003,5,3
1000117607,01005,3,1
1000118425,NN042,5,4
1000118425,IV076,5,5
1000118425,08032,5,5
1000118489,JA019,5,3
1000118489,03026,5,4
1000118489,07042,5,5
1000118520,16002,5,4
1000118520,07020,5,3
1000118520,06018,5,4
1000118563,JA019,4,3
1000118595,03018,5,4
1000118595,03029,5,5
1000118595,06022,5,4
1000118595,06017,5,4
1000118727,10006,4,4
1000118727,FD035,4,4
1000118727,07025,4,4
1000118727,02001,4,4
1000118727,02007,4,3
1000118735,PI110,5,2
1000118735,AL003,5,3
1000118899,IN024,5,2
1000118899,07020,5,3
1000118955,06017,4,4
1000119000,FD067,5,5
1000119010,ES052,5,5
1000119308,FC015,4,3
1000119308,FC009,4,3
1000119678,03026,4,4
1000119799,06055,3,3
1000119799,PI153,3,3
1000120085,02007,3,3
1000120157,02007,5,3
1000120157,NN025,5,3
1000120157,06022,5,4
1000120320,02007,4,3
1000120558,AL003,3,3
1000120562,08023,5,5
1000120562,07044,5,5
1000120562,07043,5,5
1000120587,02007,3,3
1000120611,UB047,5,5
1000120611,02007,5,3
1000120631,AL003,3,3
1000120631,PI153,3,3
1000120720,07034,5,5
1000120739,17006,5,5
1000120739,09014,5,5
1000120751,FD060,5,5
1000120751,08002,5,4
1000120751,FD058,5,5
1000120751,06022,5,4
1000120957,NN025,3,3
1000120957,AL003,3,3
1000120957,PI153,3,3
1000121005,FD067,5,5
1000121005,FD066,5,5
1000121005,FD063,5,5
1000121005,FD058,5,5
1000121005,FD039,5,4
1000121005,FD018,5,4
1000121005,AL019,5,4
1000121005,02013,5,5
1000121005,02007,5,3
1000121287,02007,4,3
1000121424,07035,4,5
1000121424,07025,4,4
1000121530,FD067,5,5
1000121530,FD062,5,5
1000121547,02007,4,3
1000121679,NN025,5,3
1000121777,FC005,4,4
1000121777,AL003,4,3
1000121870,16002,5,4
1000121870,FD060,5,5
1000121870,FD035,5,4
1000121870,06017,5,4
1000122214,03028,5,5
1000122390,UB027,3,3
1000122655,AL003,4,3
1000122785,AL003,3,3
1000122827,01026,4,4
1000122827,FD029,4,4
1000122827,AL003,4,3
1000122835,02007,3,3
1000122956,03026,4,4
1000122956,03023,4,4
1000123015,06055,4,3
1000123015,06012,4,3
1000123480,02007,5,3
1000123559,NN052,3,4
1000123559,NN029,3,3
1000123559,NN018,3,5
1000123559,07026,3,4
1000123559,AL024,3,4
1000123559,AL003,3,3
1000123598,03032,5,5
1000123598,08032,5,5
1000123598,03003,5,2
1000123745,AL003,4,3
1000123993,03028,5,5
1000123993,AL003,5,3
1000124047,AL003,4,3
1000124047,NE002,4,3
1000124080,FD023,4,4
1000124162,AL003,5,3
1000124197,06022,4,4
1000124325,FD041,5,4
1000124447,03029,5,5
1000125376,PI153,5,3
1000125376,02007,5,3
1000125376,AL003,5,3
1000125680,FD058,5,5
1000125680,FD063,5,5
1000125709,LM042,4,4
1000125779,AL058,4,4
1000126454,06025,5,5
1000126473,JA005,4,3
1000126760,AB027,5,3
1000126760,JA026,5,4
1000126760,FD067,5,5
1000127159,NN025,3,3
1000127165,01007,3,3
1000127308,02007,3,3
1000127349,AL003,3,3
1000127378,AL003,3,3
1000127379,02007,4,3
1000127379,01012,4,4
1000127379,06018,4,4
1000127379,AL003,4,3
1000127380,AL003,5,3
1000127570,03033,4,5
1000127777,02007,4,3
1000127777,FD007,4,3
1000127922,FC020,4,4
1000127922,AL003,4,3
1000127965,AL016,4,4
1000128318,03028,5,5
1000128318,FD058,5,5
1000128318,06020,5,4
1000128318,FD004,5,3
1000128506,IN001,5,5
1000128670,09007,5,4
1000128670,03015,5,4
1000128672,FD054,5,5
1000128672,SC123,5,3
1000128733,FD077,4,3
1000128985,LM042,5,4
1000129284,SC121,5,5
1000129811,02007,4,3
1000129950,17006,5,5
1000130078,AL003,4,3
1000130098,IN017,4,4
1000130098,ES071,4,3
1000130442,06016,4,3
1000130847,IN003,5,4
1000130847,01033,5,5
1000130962,03034,5,5
1000130997,07034,5,5
1000131134,FD006,3,3
1000131260,01033,5,5
1000131260,03034,5,5
1000131260,AL058,5,4
1000131260,03026,5,4
1000131260,AL035,5,5
1000131482,UB047,5,5
1000131650,FD067,5,5
1000131777,06017,5,4
1000132038,PI124,4,3
1000132669,AL003,5,3
1000132787,PI153,5,3
1000133073,AL003,5,3
1000133403,06022,4,4
1000133403,06017,4,4
1000133403,AL003,4,3
1000133703,NE002,5,3
1000133703,02007,5,3
1000133703,AL003,5,3
1000133703,PI153,5,3
1000133880,13009,4,4
1000134067,07026,4,4
1000134067,AL003,4,3
1000134152,FD085,4,3
1000134152,FD008,4,3
1000134510,09049,5,5
1000134623,AL002,3,3
1000134623,AL003,3,3
1000134859,FD027,5,4
1000134859,FD005,5,3
1000135587,FD058,5,5
1000135587,02002,5,5
1000135683,02007,3,3
1000136215,06025,5,5
1000136356,06022,4,4
1000136418,NE002,4,3
1000136506,NN025,4,3
1000136506,FD065,4,5
1000136506,AL003,4,3
1000136506,PI153,4,3
1000136683,LM042,3,4
1000136751,11005,5,3
1000136751,08023,5,5
1000136751,06028,5,5
1000136751,06025,5,5
1000136751,06024,5,4
1000136751,06017,5,4
1000136751,01006,5,2
1000136751,06007,5,3
1000136915,AL003,4,3
1000137153,FD007,4,3
1000137189,01024,5,4
1000137189,01021,5,4
1000137451,NE006,4,3
1000137451,FD008,4,3
1000137451,02001,4,4
1000137451,AL030,4,4
1000137451,01018,4,4
1000137451,02011,4,4
1000137538,03023,4,4
1000137538,03017,4,4
1000137538,AL003,4,3
1000137567,AL024,5,4
1000137567,01038,5,5
1000137567,01036,5,5
1000137674,FC005,5,4
1000137674,AL003,5,3
1000137741,AL003,5,3
1000137790,13018,4,4
1000137983,02007,3,3
1000138026,01024,4,4
1000138036,03028,5,5
1000138061,AL003,4,3
1000138229,02023,4,4
1000138229,06017,4,4
1000138274,FD088,5,4
1000138274,FD075,5,3
1000138274,FD067,5,5
1000138274,FD060,5,5
1000138274,07034,5,5
1000138274,FD004,5,3
1000138274,AL058,5,4
1000138274,01007,5,3
1000138274,PT042,5,5
1000138274,SC011,5,2
1000138555,SC118,5,5
1000138555,AL035,5,5
1000139203,FD035,5,4
1000139203,06025,5,5
1000139203,02024,5,5
1000139203,04023,5,5
1000139481,04070,3,3
1000139481,AL003,3,3
1000139608,AL003,3,3
1000139764,SC036,3,3
1000139764,FC010,3,3
1000139859,12026,5,3
1000139859,03015,5,4
1000139859,06017,5,4
1000139859,02010,5,5
1000140017,AL003,4,3
1000140048,01018,4,4
1000140365,NN025,4,3
1000140365,NE002,4,3
1000140365,AL003,4,3
1000140428,NN025,4,3
1000140428,AL024,4,4
1000140428,AL003,4,3
1000140726,IV035,5,4
1000140726,IN005,5,4
1000140726,UA013,5,5
1000140726,PT014,5,4
1000141282,PI153,3,3
1000141825,PT022,4,4
1000142027,03028,5,5
1000142123,NE006,5,3
1000142204,04021,5,5
1000142204,04013,5,4
1000142204,02014,5,5
1000142204,02012,5,5
1000142204,02009,5,5
1000142342,02007,3,3
1000142342,NN025,3,3
1000142342,07012,3,3
1000142400,01020,5,4
1000142412,01034,5,5
1000142423,AL003,3,3
1000142550,02007,3,3
1000142848,08014,5,3
1000142848,FD060,5,5
1000142867,03015,4,4
1000142882,AL024,4,4
1000142931,PI146,4,5
1000142931,NN025,4,3
1000142931,NN011,4,3
1000142931,02007,4,3
1000142931,LM042,4,4
1000142931,JA034,4,4
1000142931,FS011,4,5
1000142931,10003,4,4
1000142931,03028,4,5
1000142931,PI123,4,3
1000142931,06018,4,4
1000142931,AL003,4,3
1000142931,PI153,4,3
1000143011,FC018,4,3
1000143267,NN025,4,3
1000143267,AL024,4,4
1000143267,NE006,4,3
1000143297,FD004,5,3
1000143297,06055,5,3
1000143297,06017,5,4
1000143366,06024,5,4
1000143366,AL003,5,3
1000143370,FC005,5,4
1000143370,AL003,5,3
1000143611,13009,5,4
1000143611,FD006,5,3
1000143647,02007,3,3
1000143647,07019,3,3
1000143706,06017,5,4
1000143936,FD006,4,3
1000143949,PI153,4,3
1000144041,FD007,3,3
1000144292,03029,5,5
1000144335,FC014,4,3
1000144336,FD063,5,5
1000144336,03015,5,4
1000144386,ES018,5,3
1000144386,AL004,5,3
1000144386,UB047,5,5
1000144786,NN025,4,3
1000144833,03041,5,4
1000144833,09045,5,4
1000144833,FC016,5,3
1000145068,FS001,3,2
1000145068,02007,3,3
1000145209,JA026,4,4
1000145238,AL004,5,3
1000145277,AL003,3,3
1000145656,AB007,5,4
1000145656,JA009,5,3
1000145656,FC016,5,3
1000145656,AM003,5,3
1000145656,AL003,5,3
1000145656,UB047,5,5
1000145739,AL003,4,3
1000145867,FD008,3,3
1000145929,02007,4,3
1000146019,01024,5,4
1000146019,02007,5,3
1000146019,FC005,5,4
1000146019,06017,5,4
1000146019,AL003,5,3
1000146019,UB048,5,5
1000146064,12024,5,3
1000146064,02007,5,3
1000146064,03026,5,4
1000146064,07024,5,4
1000146064,03011,5,4
1000146064,AL003,5,3
1000146115,FD007,3,3
1000146149,NN025,5,3
1000146149,AL040,5,5
1000146149,AL003,5,3
1000146149,PI153,5,3
1000146224,06025,4,5
1000146230,AL003,3,3
1000146243,NE002,3,3
1000146322,06017,5,4
1000146578,13009,5,4
1000146578,08005,5,5
1000146578,06028,5,5
1000146578,06025,5,5
1000146578,ES004,5,2
1000146578,06022,5,4
1000146578,SC120,5,5
1000146728,10007,4,4
1000146728,10006,4,4
1000146728,10005,4,4
1000146728,10002,4,4
1000146728,01017,4,4
1000147008,FC017,5,3
1000147008,AM007,5,4
1000147008,AM002,5,2
1000147008,AL003,5,3
1000147008,02007,5,3
1000147008,PI152,5,2
1000147017,UB048,5,5
1000147088,AL003,4,3
1000147121,03029,5,5
1000147121,06022,5,4
1000147324,FD007,3,3
1000147324,AL003,3,3
1000147351,02009,5,5
1000147351,IV076,5,5
1000147459,NN026,4,3
1000147867,FD041,5,4
1000147876,06017,5,4
1000147876,AL003,5,3
1000147883,AL024,4,4
1000147883,AL003,4,3
1000147894,02007,3,3
1000147982,NE010,4,4
1000148047,02007,4,3
1000148047,03026,4,4
1000148047,AL004,4,3
1000148072,IN010,4,4
1000148238,FD060,5,5
1000148247,AL003,4,3
1000148327,AL003,4,3
1000148496,FD049,5,4
1000148496,AL003,5,3
1000148600,02007,4,3
1000148851,AL003,5,3
1000149072,ES038,4,4
1000149119,17006,5,5
1000149435,02007,3,3
1000149514,AL003,4,3
1000149803,01034,4,5
1000149909,01009,3,3
1000149909,ET004,3,3
1000149914,AL003,4,3
1000149932,NN025,3,3
1000150475,02007,3,3
1000150652,NN025,5,3
1000150652,12047,5,3
1000150652,03028,5,5
1000150652,06055,5,3
1000150652,06017,5,4
1000150652,AL003,5,3
1000150652,02010,5,5
1000150652,UB047,5,5
1000150652,05005,5,4
1000150673,FD085,5,3
1000150673,FD058,5,5
1000150673,FD015,5,4
1000150844,AL003,3,3
1000150996,PI153,5,3
1000151167,02007,5,3
1000151167,06030,5,5
1000151167,06025,5,5
1000151183,AL003,3,3
1000151432,PI153,5,3
1000151528,LM042,4,4
1000151787,PT049,5,5
1000151827,AL002,3,3
1000152081,IN019,4,4
1000152643,AL003,5,3
1000152764,03034,5,5
1000152764,09014,5,5
1000152764,07042,5,5
1000152764,FD029,5,4
1000152764,FD015,5,4
1000152764,01011,5,4
1000152764,PT042,5,5
1000152764,02007,5,3
1000153145,AL003,4,3
1000153384,12021,3,3
1000153384,06058,3,3
1000153620,AL002,5,3
1000153694,AL003,5,3
1000153974,04070,4,3
1000154416,06055,4,3
1000154440,06022,5,4
1000154440,AL003,5,3
1000154503,02005,4,3
1000154503,AL003,4,3
1000155048,EU006,5,3
1000155439,FC005,5,4
1000155578,03029,5,5
1000155578,EU017,5,5
1000155671,AL003,3,3
1000155684,AL003,4,3
1000155830,06003,2,2
1000155882,02007,3,3
1000156199,NN025,4,3
1000156199,NN014,4,4
1000156199,NI001,4,3
1000156199,NN026,4,3
1000156199,AL024,4,4
1000156199,AL007,4,3
1000156199,AL003,4,3
1000156199,PI153,4,3
1000156339,02007,3,3
1000156339,PI153,3,3
1000156521,04023,5,5
1000156521,IV035,5,4
1000156521,08010,5,5
1000156521,PI152,5,2
1000156521,02010,5,5
1000156521,AL003,5,3
1000156521,PI153,5,3
1000156595,02007,4,3
1000156595,AL058,4,4
1000156595,06017,4,4
1000156730,FD087,5,4
1000156863,07042,5,5
1000157024,PI124,4,3
1000157024,NN025,4,3
1000157024,NE010,4,4
1000157024,NE008,4,3
1000157024,NE006,4,3
1000157024,07090,4,3
1000157024,06057,4,3
1000157074,02007,4,3
1000157336,02007,3,3
1000157368,UA013,5,5
1000157704,PI114,3,2
1000157704,AL003,3,3
1000157704,PI153,3,3
1000157799,NN025,3,3
1000157799,AL003,3,3
1000157973,02007,4,3
1000157973,03011,4,4
1000157973,AL003,4,3
1000158448,04015,5,4
1000158448,04020,5,5
1000158448,16002,5,4
1000158448,15035,5,5
1000158448,09052,5,5
1000158448,09014,5,5
1000158448,07041,5,5
1000158448,07021,5,4
1000158448,03015,5,4
1000158448,03014,5,4
1000158448,02007,5,3
1000158448,06017,5,4
1000158996,03025,4,4
1000159225,AL003,3,3
1000159225,06010,3,3
1000159313,06017,5,4
1000159313,02009,5,5
1000159320,NE002,4,3
1000159320,JA004,4,3
1000159320,08014,4,3
1000159320,ET030,4,3
1000159320,06017,4,4
1000159320,AL003,4,3
1000159320,PI153,4,3
1000159468,08037,4,3
1000159571,JA034,5,4
1000159643,03017,5,4
1000159916,09052,5,5
1000159916,02007,5,3
1000159916,03015,5,4
1000159916,03014,5,4
1000160178,PI153,3,3
1000160190,PI153,4,3
1000160266,NN025,4,3
1000160266,AL002,4,3
1000160374,NE008,5,3
1000160374,UA002,5,3
1000160537,06022,4,4
1000161005,02007,3,3
1000161024,FC005,5,4
1000161407,08001,4,4
1000161430,02007,5,3
1000161430,06025,5,5
1000161430,06017,5,4
1000161743,FD067,5,5
1000161743,08032,5,5
1000161743,FD030,5,4
1000161743,FD017,5,4
1000162505,AL003,4,3
1000162506,02007,4,3
1000162506,AL003,4,3
1000162881,NE008,4,3
1000162912,03026,5,4
1000162979,SC046,3,3
1000162979,02007,3,3
1000163464,02007,3,3
1000163501,IV035,4,4
1000163501,FC005,4,4
1000163507,FC017,3,3
1000163507,AL003,3,3
1000163807,AL003,5,3
1000163869,11006,3,3
1000163991,03034,5,5
1000163991,03033,5,5
1000163991,03029,5,5
1000164135,02007,4,3
1000164280,06017,5,4
1000164765,12019,3,3
1000164996,06017,4,4
1000165127,AL003,5,3
1000165669,06022,5,4
1000165872,NN025,4,3
1000165872,LM018,4,3
1000165872,JA019,4,3
1000165872,JA005,4,3
1000165872,FD083,4,3
1000165872,FD009,4,3
1000165872,AM003,4,3
1000165872,AL003,4,3
1000166073,AL003,3,3
1000167169,FD074,4,2
1000167316,FC015,3,3
1000167350,02007,2,3
1000167422,AL003,4,3
1000167462,09024,2,2
1000167562,09014,5,5
1000167562,06007,5,3
1000167600,06017,4,4
1000167762,FC005,5,4
1000167762,PI153,5,3
1000168052,PI152,2,2
1000168381,NN025,5,3
1000168381,JA032,5,4
1000168381,07031,5,4
1000168381,AL024,5,4
1000168381,AL003,5,3
1000168381,NE010,5,4
1000168381,PI153,5,3
1000168460,FC005,5,4
1000168460,UB047,5,5
1000168645,03029,4,5
1000169103,02007,3,3
1000169112,06025,5,5
1000169161,FC018,3,3
1000169268,03033,4,5
1000169268,FD065,4,5
1000169399,02007,4,3
1000169980,AL003,5,3
1000170183,06025,5,5
1000170183,06022,5,4
1000170183,AL016,5,4
1000170195,AL003,4,3
1000170421,02007,3,3
1000170450,02007,5,3
1000170535,FC005,4,4
1000170535,PI153,4,3
1000170931,FD067,5,5
1000171424,NN025,5,3
1000171424,FC005,5,4
1000171424,PI153,5,3
1000171424,AL003,5,3
1000171594,NN044,4,4
1000171693,AL004,3,3
1000172563,NN025,4,3
1000172563,UB022,4,3
1000172563,AL003,4,3
1000172563,07064,4,3
1000172563,SC061,4,3
1000172615,02007,5,3
1000172615,NN025,5,3
1000172615,FC023,5,3
1000172615,06024,5,4
1000172615,06022,5,4
1000172615,AL003,5,3
1000172620,AL003,4,3
1000172633,03026,4,4
1000172987,FC005,4,4
1000173382,SC120,5,5
1000173531,LM042,3,4
1000173845,07026,5,4
1000174103,AL003,4,3
1000174226,AL003,4,3
1000174504,07026,4,4
1000174964,02007,3,3
1000175020,NI001,3,3
1000175040,FC021,5,5
1000175196,06009,5,3
1000175196,NN025,5,3
1000175196,03030,5,5
1000175196,03029,5,5
1000175196,FD060,5,5
1000175196,03026,5,4
1000175196,07021,5,4
1000175196,03012,5,4
1000175196,06024,5,4
1000175196,01017,5,4
1000175262,11008,5,4
1000175262,PI153,5,3
1000175530,FS009,5,5
1000175530,FD063,5,5
1000175679,AL003,3,3
1000175894,03020,4,4
1000175974,06017,5,4
1000176825,NN025,3,3
1000176969,FD072,5,2
1000176969,UB025,5,3
1000177000,LM018,4,3
1000177000,IN017,4,4
1000177000,02007,4,3
1000177000,UB026,4,3
1000177157,AL024,5,4
1000177157,AL003,5,3
1000177396,FS009,5,5
1000177477,02020,2,2
1000177819,AL003,4,3
1000177871,06022,5,4
1000178016,PI153,3,3
1000178150,FD058,4,5
1000178150,FD057,4,5
1000178150,UB047,4,5
1000178378,NN025,3,3
1000178775,07033,4,5
1000178818,AL003,5,3
1000179706,NE006,4,3
1000179856,FD007,4,3
1000179856,FD006,4,3
1000179856,FC020,4,4
1000179856,FC017,4,3
1000179971,AL003,3,3
1000179976,PI123,5,3
1000179976,FD049,5,4
1000179976,FD008,5,3
1000180077,02007,4,3
1000180683,NN025,4,3
1000180820,FC008,2,2
1000180917,AB004,5,4
1000180917,JA019,5,3
1000180917,03028,5,5
1000180917,IN001,5,5
1000180917,FD060,5,5
1000181766,FD029,4,4
1000181774,AL003,5,3
1000181802,JA005,3,3
1000181873,PI151,3,2
1000181873,AM003,3,3
1000182113,FC005,4,4
1000182113,PI153,4,3
1000182493,06017,4,4
1000182499,FD036,5,4
1000182499,FD035,5,4
1000182589,AL003,4,3
1000182791,07026,4,4
1000183220,AL003,3,3
1000183294,FD063,5,5
1000183354,FC015,3,3
1000183968,AL003,5,3
1000183968,07033,5,5
1000183968,02029,5,3
1000183968,02018,5,3
1000183968,02016,5,4
1000183968,02012,5,5
1000183968,UB048,5,5
1000184412,02007,4,3
1000184412,PT007,4,3
1000184412,PI153,4,3
1000184557,FD040,4,4
1000184557,FD008,4,3
1000185245,06022,5,4
1000185245,06017,5,4
1000185407,AL003,4,3
1000185586,FD063,5,5
1000185651,AM003,4,3
1000185651,02001,4,4
1000185651,06004,4,2
1000186312,07007,3,3
1000186325,02007,4,3
1000186633,NN044,5,4
1000186633,FD060,5,5
1000186633,07021,5,4
1000186633,UB047,5,5
1000186633,AL003,5,3
1000186830,AL003,3,3
1000186860,03023,4,4
1000186860,ES023,4,3
1000186896,PI153,4,3
1000186906,13008,5,4
1000186906,07034,5,5
1000187031,06018,4,4
1000187035,02007,3,3
1000187116,NN026,5,3
1000187116,NN025,5,3
1000187116,NE006,5,3
1000187116,FD060,5,5
1000187116,AL024,5,4
1000187116,01057,5,4
1000187116,SC045,5,3
1000187878,OM009,4,3
1000187878,NE008,4,3
1000187878,NE004,4,3
1000187878,AL024,4,4
1000187878,AL004,4,3
1000188014,13014,5,5
1000188014,09014,5,5
1000188229,AL003,5,3
1000188653,AL022,4,4
1000188664,06017,4,4
1000188699,AL003,4,3
1000188797,NN040,4,4
1000188797,NI001,4,3
1000188946,LM025,3,3
1000188946,FC014,3,3
1000188946,FC009,3,3
1000189189,NN025,4,3
1000189189,AL002,4,3
1000189189,AL024,4,4
1000189264,FD058,5,5
1000189264,FD027,5,4
1000189441,AB026,5,3
1000189441,06008,5,3
1000189466,03034,5,5
1000189466,03026,5,4
1000189466,07021,5,4
1000189466,06017,5,4
1000189494,FS009,5,5
1000189872,PT049,5,5
1000190442,PI152,5,2
1000190690,FC005,4,4
1000190690,AL003,4,3
1000190787,FD063,5,5
1000190787,AL003,5,3
1000190801,02007,4,3
1000190815,02005,4,3
1000190815,AL024,4,4
1000190815,02007,4,3
1000190815,01057,4,4
1000190815,AL003,4,3
1000190975,AL003,4,3
1000191040,12020,3,3
1000191338,02012,5,5
1000191581,NN025,4,3
1000191692,FD063,5,5
1000191692,FD058,5,5
1000191708,JA019,5,3
1000191708,02007,5,3
1000191844,04020,4,5
1000191844,13010,4,5
1000191844,02007,4,3
1000191883,02004,5,4
1000191883,02007,5,3
1000191883,02011,5,4
1000191883,PI153,5,3
1000192375,NN020,4,2
1000192375,AL003,4,3
1000192790,NE006,5,3
1000192790,IN009,5,4
1000192790,06023,5,4
1000192790,UB024,5,3
1000192911,07024,4,4
1000192936,03017,5,4
1000192936,AL003,5,3
1000192973,06017,4,4
1000193002,AL003,3,3
1000193007,UB006,5,2
1000193073,07035,5,5
1000193157,13008,4,4
1000193174,FD067,4,5
1000193174,05004,4,4
1000193654,10046,4,3
1000193734,02007,3,3
1000193734,JA026,3,4
1000193804,NN021,2,2
1000194158,02007,4,3
1000194158,07007,4,3
1000194158,06010,4,3
1000194182,NE006,5,3
1000194361,NN026,4,3
1000194384,AB027,5,3
1000194384,IN001,5,5
1000194384,SC086,5,4
1000194384,06023,5,4
1000194384,SC120,5,5
1000194384,SC006,5,2
1000194384,SC001,5,2
1000194491,FD007,4,3
1000194547,NN025,4,3
1000194580,AL003,3,3
1000194992,02007,3,3
1000195245,IN001,5,5
1000195245,06028,5,5
1000195360,02007,3,3
1000195431,02007,3,3
1000195431,AL003,3,3
1000195550,PI152,4,2
1000195550,AL003,4,3
1000195678,IN001,5,5
1000195913,AL003,3,3
1000196171,AL002,5,3
1000196185,FD008,3,3
1000196284,IV035,4,4
1000196500,FD060,4,5
1000196856,03012,4,4
1000197027,04020,5,5
1000197027,UB045,5,5
1000197027,JA026,5,4
1000197027,JA021,5,4
1000197027,JA019,5,3
1000197027,FD060,5,5
1000197027,FD041,5,4
1000197027,FC005,5,4
1000197027,AL058,5,4
1000197027,AL030,5,4
1000197027,AL024,5,4
1000197027,06017,5,4
1000197027,UB047,5,5
1000197027,UB034,5,4
1000197027,AL003,5,3
1000197027,PT029,5,4
1000197027,PI153,5,3
1000197244,AL003,4,3
1000197244,06055,4,3
1000197244,ET004,4,3
1000197244,AL024,4,4
1000197267,IN001,5,5
1000197267,FD067,5,5
1000197382,PI153,4,3
1000197406,09024,4,2
1000197406,07012,4,3
1000197406,02018,4,3
1000197475,FC015,3,3
1000197690,FD027,5,4
1000197690,AL004,5,3
1000197690,UB047,5,5
1000197690,UB039,5,4
1000197716,FD085,3,3
1000197880,07034,5,5
1000197880,07033,5,5
1000197909,08027,2,2
1000197909,07005,2,2
1000197988,02007,5,3
1000197988,LM042,5,4
1000197988,03026,5,4
1000197988,03020,5,4
1000197988,AL058,5,4
1000198392,AL003,5,3
1000198601,10006,4,4
1000198629,08014,4,3
1000198629,PI153,4,3
1000198656,04023,5,5
1000198656,JA019,5,3
1000198656,IN001,5,5
1000198656,FD067,5,5
1000198656,FD060,5,5
1000198656,PT004,5,4
1000198656,02012,5,5
1000198939,NN025,4,3
1000199114,NE010,4,4
1000199114,NE002,4,3
1000199114,FD007,4,3
1000199114,03017,4,4
1000199114,06022,4,4
1000199114,02007,4,3
1000199114,PI153,4,3
1000199467,NE010,4,4
1000199467,01018,4,4
1000199554,03034,5,5
1000199687,NN025,4,3
1000199687,AL024,4,4
1000199687,02007,4,3
1000199687,01057,4,4
1000199687,AL003,4,3
1000199879,06009,4,3
1000200087,NN025,4,3
1000200161,AL003,4,3
1000200362,PI152,5,2
1000200362,NN025,5,3
1000200362,FD009,5,3
1000200362,01057,5,4
1000200362,AL003,5,3
1000200580,LM046,5,4
1000201005,FD060,5,5
1000201005,FD006,5,3
1000201567,02007,4,3
1000201602,AL003,3,3
1000201671,01018,5,4
1000201671,03034,5,5
1000201671,FD060,5,5
1000201671,01021,5,4
1000201685,AL003,5,3
1000201752,JA019,4,3
1000202083,07008,3,3
1000202085,02007,4,3
1000202390,JH014,4,4
1000202390,06022,4,4
1000202423,07045,4,5
1000202450,AL003,4,3
1000202450,PI153,4,3
1000202578,FD004,4,3
1000202689,AL003,3,3
1000202714,07021,4,4
1000202812,AL003,4,3
1000202822,11007,4,4
1000203034,ES019,5,3
1000203092,UB025,3,3
1000203310,FD041,4,4
1000203371,PI153,4,3
1000203439,FC014,4,3
1000203842,12047,4,3
1000203842,AL003,4,3
1000204052,AL003,3,3
1000204081,08023,5,5
1000204081,02007,5,3
1000204081,AL058,5,4
1000204081,AL003,5,3
1000204481,12021,3,3
1000204481,SC124,3,3
1000204630,FD085,4,3
1000204630,FD011,4,3
1000204767,AM001,3,2
1000204988,FD073,5,2
1000205010,NN025,5,3
1000205010,NN021,5,2
1000205010,IN001,5,5
1000205118,02007,3,3
1000205154,04014,5,4
1000205154,FD075,5,3
1000205154,FD058,5,5
1000205154,FD036,5,4
1000205154,FD029,5,4
1000205154,FD015,5,4
1000205154,06017,5,4
1000205178,15028,5,5
1000205728,FC005,4,4
1000205728,AL003,4,3
1000205779,AL003,4,3
1000205897,06029,5,5
1000205911,14003,5,4
1000205983,IN024,2,2
1000206021,02007,5,3
1000206123,AL003,5,3
1000206215,FD006,3,3
1000206215,FC012,3,3
1000206352,13010,5,5
1000206352,02007,5,3
1000206352,IN001,5,5
1000206352,08005,5,5
1000206352,07033,5,5
1000206352,NN025,5,3
1000206352,06025,5,5
1000206352,AL020,5,4
1000206352,01043,5,1
1000206352,UB047,5,5
1000206352,UA004,5,3
1000206352,AL003,5,3
1000206352,PI153,5,3
1000206414,03034,5,5
1000206441,LM042,4,4
1000206524,02007,4,3
1000206789,AL003,3,3
1000206975,03034,5,5
1000206975,03026,5,4
1000206975,03018,5,4
1000207066,02007,4,3
1000207159,NE010,4,4
1000207159,AL016,4,4
1000207332,LM042,4,4
1000207332,FD040,4,4
1000207372,AL003,5,3
1000207382,NN026,4,3
1000207382,FC005,4,4
1000207382,AL003,4,3
1000207967,FD021,5,4
1000208412,01007,3,3
1000208412,02007,3,3
1000208412,AL003,3,3
1000208414,02007,4,3
1000208414,AL003,4,3
1000208746,NN025,3,3
1000208746,02007,3,3
1000208755,03020,5,4
1000208760,NN026,5,3
1000208760,02007,5,3
1000208760,NE006,5,3
1000208760,08032,5,5
1000208760,AL024,5,4
1000208766,LM042,4,4
1000209271,SC086,5,4
1000209304,NN025,4,3
1000209304,FC005,4,4
1000209304,AL003,4,3
1000209331,NE010,5,4
1000209331,LM050,5,4
1000209331,JA026,5,4
1000209331,FD041,5,4
1000209331,06022,5,4
1000209331,UB047,5,5
1000209331,SC120,5,5
1000209331,PT022,5,4
1000209613,04015,4,4
1000209731,01018,4,4
1000209735,UB047,5,5
1000209735,FD060,5,5
1000209735,FD023,5,4
1000209760,UB047,5,5
1000209823,13008,4,4
1000209823,06017,4,4
1000209872,02007,4,3
1000210027,FD063,5,5
1000210027,FD060,5,5
1000210027,FD058,5,5
1000210027,FD056,5,5
1000210027,FC005,5,4
1000210027,AL058,5,4
1000210199,06017,5,4
1000210372,IN001,5,5
1000210536,03026,5,4
1000210709,03028,5,5
1000210709,06017,5,4
1000210997,FD063,5,5
1000211347,JA026,5,4
1000211460,PI153,3,3
1000211586,PI153,3,3
1000212579,AB013,4,5
1000212579,FD036,4,4
1000212722,FD017,4,4
1000213023,03015,4,4
1000213164,AL003,5,3
1000213293,FD063,5,5
1000213293,RB005,5,5
1000213549,AL003,3,3
1000213954,01021,5,4
1000214184,02007,4,3
1000214184,NE002,4,3
1000214204,OM010,4,3
1000214204,FC008,4,2
1000214211,AL003,3,3
1000214290,AL003,3,3
1000214377,FD049,5,4
1000214918,NN052,5,4
1000214918,FS009,5,5
1000214918,PT023,5,4
1000214958,AL003,3,3
1000215001,15035,5,5
1000215001,12016,5,3
1000215001,11017,5,3
1000215001,11016,5,3
1000215001,11015,5,3
1000215001,01024,5,4
1000215403,AL003,4,3
1000215534,02007,3,3
1000215582,AL003,5,3
1000215691,NE002,3,3
1000215691,AL003,3,3
1000216118,06017,4,4
1000216369,AL004,5,3
1000216498,PI152,2,2
1000216519,AL003,3,3
1000216701,02007,4,3
1000216832,NE006,3,3
1000217543,02007,3,3
1000217608,NN025,2,3
1000217608,NE002,2,3
1000217608,FC014,2,3
1000217808,AL003,4,3
1000218026,01020,4,4
1000218094,NN026,4,3
1000218394,AL003,3,3
1000218399,06022,4,4
1000219004,06025,5,5
1000219004,AL003,5,3
1000219007,10001,4,4
1000219007,02007,4,3
1000219341,AL003,5,3
1000219367,02007,3,3
1000219402,02007,5,3
1000219402,AL003,5,3
1000220021,LM021,4,3
1000220021,AM003,4,3
1000220082,02007,3,3
1000220117,AL024,5,4
1000220117,PI153,5,3
1000220926,NN025,5,3
1000220926,AL003,5,3
1000221072,PI153,3,3
1000221489,JA019,5,3
1000221489,IN003,5,4
1000221489,IN001,5,5
1000221489,02012,5,5
1000221552,AL003,5,3
1000221738,01008,4,3
1000221738,06017,4,4
1000222352,02007,4,3
1000222587,IV079,5,5
1000222851,FD029,5,4
1000222970,NN025,3,3
1000222986,06010,3,3
1000223080,02007,4,3
1000223108,09014,5,5
1000223170,NN025,4,3
1000223170,03014,4,4
1000223170,AL003,4,3
1000223265,03007,3,3
1000223302,AL003,3,3
1000223477,AL003,4,3
1000223485,JA005,4,3
1000223485,JA004,4,3
1000223485,03014,4,4
1000223485,AL020,4,4
1000223485,AL003,4,3
1000223628,02007,4,3
1000223679,02007,4,3
1000223823,FS005,4,3
1000223871,PI153,3,3
1000223885,JA019,4,3
1000223885,IN003,4,4
1000223903,FD072,4,2
1000223926,AL003,4,3
1000224293,NN025,5,3
1000224293,06028,5,5
1000224293,AL003,5,3
1000224308,NN025,5,3
1000224308,JA022,5,4
1000224308,02007,5,3
1000224308,06028,5,5
1000224308,AL003,5,3
1000224382,AL003,3,3
1000224607,06022,5,4
1000224607,AL003,5,3
1000224751,13003,4,4
1000224751,FC023,4,3
1000225047,FD085,3,3
1000225215,06028,5,5
1000225215,SC120,5,5
1000225275,FD074,2,2
1000225519,AL024,4,4
1000225860,NN025,4,3
1000225860,IN015,4,4
1000225860,PI153,4,3
1000225860,PI152,4,2
1000225970,NN044,4,4
1000226095,07025,4,4
1000226190,SC100,4,4
1000226215,04021,5,5
1000226215,04013,5,4
1000226215,13002,5,4
1000226215,02024,5,5
1000226215,02019,5,4
1000226215,02014,5,5
1000226215,02013,5,5
1000226215,02012,5,5
1000226215,02009,5,5
1000226406,NE008,3,3
1000226406,02007,3,3
1000226406,PI153,3,3
1000226626,02007,5,3
1000226757,02007,4,3
1000226770,AL003,5,3
1000226997,AL003,5,3
1000227106,FC016,5,3
1000227106,01057,5,4
1000227265,08022,5,5
1000227405,AL003,3,3
1000227456,AL003,4,3
1000227709,02007,4,3
1000227709,06056,4,3
1000227709,06055,4,3
1000227709,06054,4,3
1000227730,03026,4,4
1000227730,FD007,4,3
1000227748,07020,5,3
1000227819,FD090,4,4
1000227851,FS011,5,5
1000227851,PI153,5,3
1000228100,FD086,4,4
1000228100,01018,4,4
1000228185,04015,5,4
1000228185,FD040,5,4
1000228185,FD036,5,4
1000228185,07021,5,4
1000228185,06028,5,5
1000228185,AL058,5,4
1000228185,AL003,5,3
1000228238,NN025,3,3
1000228415,07087,5,3
1000228629,14008,5,4
1000228629,JH014,5,4
1000228629,IN001,5,5
1000228629,06025,5,5
1000228629,AL058,5,4
1000228629,PT023,5,4
1000228767,AM008,4,4
1000228848,02007,5,3
1000228890,06028,5,5
1000228890,FC005,5,4
1000228890,06017,5,4
1000228890,AL003,5,3
1000229101,NE002,5,3
1000229101,UB047,5,5
1000229101,AL003,5,3
1000229113,06028,5,5
1000229723,AL003,3,3
1000229820,NE002,3,3
1000229922,AL003,4,3
1000230072,AL003,4,3
1000230134,AL003,4,3
1000230330,FC014,4,3
1000230330,FC005,4,4
1000230455,AL003,4,3
1000230574,PT050,5,5
1000230736,AL003,3,3
1000230804,02007,5,3
1000230804,PI153,5,3
1000230944,13008,5,4
1000231393,06012,4,3
1000231393,06003,4,2
1000231624,12020,4,3
1000231720,IN001,5,5
1000231863,02007,4,3
1000231950,PI153,3,3
1000231975,FC005,5,4
1000232136,02007,4,3
1000232136,13009,4,4
1000232136,FD049,4,4
1000232274,NE002,3,3
1000232365,AL003,4,3
1000232489,07034,5,5
1000232489,06022,5,4
1000233025,UB034,5,4
1000233092,04019,5,5
1000233092,01018,5,4
1000233092,14005,5,4
1000233092,13009,5,4
1000233092,13008,5,4
1000233092,JA005,5,3
1000233092,IN001,5,5
1000233092,10033,5,4
1000233092,08010,5,5
1000233092,07031,5,4
1000233092,06055,5,3
1000233092,01021,5,4
1000233092,02001,5,4
1000233092,AL003,5,3
1000233121,02007,3,3
1000233121,AL003,3,3
1000233130,AL003,3,3
1000233201,FD087,4,4
1000233279,FC005,4,4
1000233368,02007,3,3
1000233410,AL003,4,3
1000233480,02007,4,3
1000233566,NN045,5,4
1000233566,SC120,5,5
1000233742,IN011,4,4
1000233742,06017,4,4
1000234099,01035,5,5
1000234450,NN025,4,3
1000234450,02007,4,3
1000234544,JA004,3,3
1000234544,AM003,3,3
1000234713,FD067,5,5
1000234776,AL003,4,3
1000235207,FC005,4,4
1000235253,FC005,4,4
1000235253,AL024,4,4
1000235493,02007,3,3
1000235734,12024,5,3
1000235734,IN001,5,5
1000235734,02004,5,4
1000235734,06017,5,4
1000236005,FD053,4,4
1000236005,FD009,4,3
1000236005,FC005,4,4
1000236406,PI152,3,2
1000236435,02007,3,3
1000236435,AL003,3,3
1000236974,FC005,5,4
1000237041,AL003,5,3
1000237041,NN025,5,3
1000237311,AL003,3,3
1000237589,13002,5,4
1000237589,07042,5,5
1000237589,06022,5,4
1000237589,06017,5,4
1000237589,02007,5,3
1000238122,04020,5,5
1000238122,IN001,5,5
1000238122,09006,5,4
1000238122,07012,5,3
1000238122,ES065,5,5
1000238122,06022,5,4
1000238122,02014,5,5
1000238122,SC120,5,5
1000238122,SC087,5,4
1000238177,AL003,3,3
1000238280,FC018,4,3
1000238330,AL003,3,3
1000238358,16002,4,4
1000238358,JA019,4,3
1000238358,09023,4,2
1000238358,FD007,4,3
1000238358,PT006,4,3
1000238391,02007,3,3
1000238736,02029,3,3
1000238936,01018,5,4
1000238955,UA002,4,3
1000238960,NN044,5,4
1000238960,FD036,5,4
1000238960,ES039,5,4
1000239011,04020,5,5
1000239011,01027,5,5
1000239011,08032,5,5
1000239011,06017,5,4
1000240033,AL003,3,3
1000240035,AL003,4,3
1000240334,AL003,3,3
1000240465,07034,5,5
1000240485,07034,5,5
1000241130,06018,5,4
1000241435,OM009,3,3
1000241631,AL003,4,3
1000241631,NN025,4,3
1000242085,AL003,5,3
1000242335,FC005,4,4
1000242486,04020,5,5
1000242500,PI103,5,2
1000242500,12021,5,3
1000243029,06025,5,5
1000243052,AL003,4,3
1000243053,AL003,5,3
1000243053,AL058,5,4
1000243053,AL024,5,4
1000243079,AM002,4,2
1000243079,AL003,4,3
1000243254,AL003,5,3
1000243360,12047,3,3
1000243677,02007,3,3
1000243677,05002,3,3
1000243924,AL003,4,3
1000244249,UB047,5,5
1000244313,02007,3,3
1000244470,FC015,3,3
1000244809,12005,5,4
1000245092,FD060,5,5
1000245092,02007,5,3
1000245092,NN025,5,3
1000245490,04022,5,5
1000245490,LM032,5,4
1000245490,IN003,5,4
1000245491,SC086,5,4
1000245491,SC079,5,4
1000245910,02007,3,3
1000245926,AL003,3,3
1000246808,PI152,5,2
1000246808,ES005,5,2
1000246808,ES002,5,2
1000246808,UB047,5,5
1000246808,PI153,5,3
1000246991,02007,5,3
1000246991,NN025,5,3
1000246991,FD060,5,5
1000246991,AL016,5,4
1000246991,06022,5,4
1000246991,UB048,5,5
1000246991,06017,5,4
1000247074,AL003,4,3
1000247074,NN025,4,3
1000247172,AL003,5,3
1000247172,FD035,5,4
1000247358,PI114,5,2
1000247358,AL024,5,4
1000247389,FD038,5,4
1000247389,SC108,5,5
1000247666,NE006,3,3
1000247666,PI153,3,3
1000247770,NE010,4,4
1000247770,NE002,4,3
1000247795,PI153,4,3
1000248364,AL003,3,3
1000249362,AL003,5,3
1000249362,02007,5,3
1000249849,PI153,3,3
1000250075,IN001,5,5
1000250075,SC120,5,5
1000250133,AL003,4,3
1000250284,02007,3,3
1000250495,02007,4,3
1000250495,06017,4,4
1000250846,12020,5,3
1000251019,IV029,3,3
1000251520,AL003,5,3
1000251606,06028,5,5
1000251606,02011,5,4
1000251671,AL003,3,3
1000252706,02007,5,3
1000252706,RB007,5,4
1000252959,02007,5,3
1000253173,PT028,5,4
1000253184,01057,4,4
1000253184,04050,4,3
1000253325,NE008,4,3
1000253581,06017,4,4
1000253954,FC023,4,3
1000254223,NI001,5,3
1000254710,UB044,5,5
1000255549,PI153,3,3
1000255584,02007,3,3
1000255659,AL003,4,3
1000255689,AL003,4,3
1000255889,UB047,5,5
1000255889,SC120,5,5
1000255921,NN025,5,3
1000255921,AB016,5,5
1000255921,NE006,5,3
1000255921,JA019,5,3
1000255921,IN001,5,5
1000255921,09014,5,5
1000255921,08005,5,5
1000255921,FD056,5,5
1000255921,FD023,5,4
1000255921,06028,5,5
1000255921,AL043,5,5
1000255921,AL034,5,5
1000255921,02012,5,5
1000255921,UB047,5,5
1000255921,AL003,5,3
1000255921,02007,5,3
1000255997,02007,3,3
1000256100,FC005,4,4
1000256109,AL003,3,3
1000256134,AL003,3,3
1000256193,02007,4,3
1000256204,01007,3,3
1000256245,02007,5,3
1000256437,NN025,5,3
1000256437,NN021,5,2
1000256437,NI001,5,3
1000256437,FC005,5,4
1000256437,03012,5,4
1000256437,PI153,5,3
1000256697,SC121,5,5
1000256818,UB048,5,5
1000256871,AL003,3,3
1000256991,NN025,4,3
1000257046,UB047,5,5
1000257046,PI153,5,3
1000257496,NN026,5,3
1000257516,AL003,5,3
1000257516,06017,5,4
1000257963,AL003,3,3
1000257996,AL024,4,4
1000258167,15029,5,5
1000258167,15028,5,5
1000258169,AL002,5,3
1000258169,02007,5,3
1000258169,FD041,5,4
1000258169,06017,5,4
1000258304,03024,4,4
1000258304,02007,4,3
1000258338,02009,5,5
1000258565,AL003,4,3
1000258647,PI145,5,5
1000258647,FD063,5,5
1000258647,FD060,5,5
1000258647,03015,5,4
1000258647,02007,5,3
1000258680,02007,5,3
1000258796,06054,5,3
1000258882,02007,3,3
1000258910,13009,5,4
1000258963,FC014,5,3
1000258963,FC002,5,4
1000258975,NI001,5,3
1000258994,AL003,5,3
1000258994,02007,5,3
1000258994,NN025,5,3
1000258994,PI153,5,3
1000259469,FC014,4,3
1000259469,03015,4,4
1000259469,FC002,4,4
1000259824,NN025,5,3
1000259891,AL003,5,3
1000259891,JA027,5,4
1000259891,07025,5,4
1000259891,06018,5,4
1000260045,02007,3,3
1000260103,FD036,5,4
1000260103,FC005,5,4
1000260103,AL016,5,4
1000260168,AL003,4,3
1000260235,NN025,3,3
1000260275,NI001,3,3
1000260293,AL003,5,3
1000260436,06025,5,5
1000260439,IN001,5,5
1000260533,14005,4,4
1000260533,13030,4,4
1000260533,06018,4,4
1000260570,NE008,5,3
1000260582,NN025,5,3
1000260582,12047,5,3
1000260757,IN001,5,5
1000260986,AB009,4,4
1000260986,06023,4,4
1000261182,AL003,4,3
1000261299,FD090,5,4
1000261338,08014,3,3
1000261418,NN025,5,3
1000261418,02007,5,3
1000261418,ES064,5,5
1000261418,ES014,5,2
1000261418,AL007,5,3
1000261418,02024,5,5
1000261530,13018,5,4
1000261530,13008,5,4
1000261530,03014,5,4
1000261530,06022,5,4
1000261530,02007,5,3
1000261530,06017,5,4
1000261627,IV011,3,3
1000261701,AL003,5,3
1000261701,03034,5,5
1000261709,02007,3,3
1000261799,11026,5,3
1000261799,02007,5,3
1000262206,NN025,4,3
1000262206,02007,4,3
1000262206,PI153,4,3
1000262206,03012,4,4
1000262440,AL003,3,3
1000262440,02007,3,3
1000262555,ES013,2,2
1000262576,14003,4,4
1000262763,AL003,5,3
1000262872,FD035,5,4
1000262872,UB047,5,5
1000262939,AL003,5,3
1000263025,FC018,3,3
1000263320,FD035,4,4
1000263320,02007,4,3
1000263356,AL007,4,3
1000263649,PI122,3,3
1000263775,AL003,5,3
1000263775,NN025,5,3
1000263838,LM006,3,2
1000263838,03003,3,2
1000264024,PI153,5,3
1000264024,AL003,5,3
1000264124,NN044,4,4
1000264392,AL003,5,3
1000264392,02007,5,3
1000264392,12024,5,3
1000264392,04032,5,3
1000264478,02007,3,3
1000264544,NN025,5,3
1000264544,IN024,5,2
1000264544,AL058,5,4
1000264544,AL024,5,4
1000264551,06017,4,4
1000264569,02007,3,3
1000264647,AL003,4,3
1000264647,02007,4,3
1000264647,02016,4,4
1000264698,FD036,5,4
1000264698,02002,5,5
1000264698,06025,5,5
1000264698,06022,5,4
1000264698,02010,5,5
1000264698,SC120,5,5
1000264914,FD063,5,5
1000264946,IV035,4,4
1000264946,FD049,4,4
1000264946,FC005,4,4
1000264946,06017,4,4
1000265190,06017,5,4
1000265214,AL003,4,3
1000265214,11011,4,4
1000265214,02007,4,3
1000265252,AL004,3,3
1000265264,01018,4,4
1000265264,04069,4,3
1000265275,PI124,5,3
1000265275,FD036,5,4
1000265368,AL003,5,3
1000265386,06018,4,4
1000265409,06017,4,4
1000265409,AL003,4,3
1000265419,07024,4,4
1000265419,07023,4,4
1000265419,02007,4,3
1000265419,06017,4,4
1000265714,01018,4,4
1000265751,AL003,4,3
1000265879,02007,3,3
1000266138,PI153,4,3
1000266138,12046,4,3
1000266168,02007,3,3
1000266318,06022,4,4
1000266377,04015,5,4
1000266377,AL058,5,4
1000266482,14005,5,4
1000266615,01033,5,5
1000266615,17006,5,5
1000266695,13010,5,5
1000266695,13008,5,4
1000266695,FD021,5,4
1000266760,NE006,4,3
1000266760,AL003,4,3
1000266835,PI153,4,3
1000266835,NN025,4,3
1000266835,NN011,4,3
1000266835,FC005,4,4
1000267099,PI153,3,3
1000267170,AL003,5,3
1000267170,NE009,5,4
1000267170,FD082,5,3
1000267170,AM003,5,3
1000267170,06017,5,4
1000267170,UB047,5,5
1000267286,AL003,3,3
1000267469,FD063,5,5
1000267469,AL003,5,3
1000267471,07035,5,5
1000267471,03020,5,4
1000267506,08014,5,3
1000267506,07034,5,5
1000267506,06017,5,4
1000267566,NN025,4,3
1000267572,03015,5,4
1000267572,06025,5,5
1000267593,IN001,5,5
1000267661,AL003,4,3
1000267661,02009,4,5
1000267708,02007,4,3
1000267714,JA026,5,4
1000267714,08020,5,4
1000267714,FD060,5,5
1000267714,FD041,5,4
1000267714,FD029,5,4
1000267714,FD007,5,3
1000267714,SC120,5,5
1000267832,AL003,5,3
1000267850,LM003,2,2
1000267947,PI153,5,3
1000267947,06028,5,5
1000267947,UA013,5,5
1000268113,PI153,4,3
1000268153,07026,4,4
1000268200,FC018,4,3
1000268227,FS009,5,5
1000268227,03015,5,4
1000268227,03014,5,4
1000268227,06017,5,4
1000268227,UB047,5,5
1000268263,FD009,4,3
1000268266,LM025,4,3
1000268266,12076,4,3
1000268266,07014,4,3
1000268266,UB017,4,3
1000268266,SC036,4,3
1000268313,NN021,5,2
1000268313,FD084,5,3
1000268443,12021,4,3
1000268451,AL003,4,3
1000268451,NN025,4,3
1000268451,LM019,4,3
1000268451,12047,4,3
1000268451,FC015,4,3
1000268451,FC005,4,4
1000268451,SC036,4,3
1000268468,NN025,5,3
1000268468,IN019,5,4
1000268468,FD060,5,5
1000268468,AL003,5,3
1000268606,AL003,3,3
1000268796,02007,3,3
1000268898,AL003,5,3
1000268913,07025,5,4
1000268913,06028,5,5
1000268913,06025,5,5
1000268913,02024,5,5
1000268913,02010,5,5
1000269025,AL003,4,3
1000269025,LM018,4,3
1000269063,FD063,5,5
1000269063,AL003,5,3
1000269154,JH014,4,4
1000269154,FD035,4,4
1000269154,FD029,4,4
1000269154,FD007,4,3
1000269177,NN011,3,3
1000269177,AL003,3,3
1000269251,AL003,4,3
1000269251,15022,4,4
1000269251,11019,4,3
1000269251,07015,4,3
1000269251,06004,4,2
1000269259,12013,4,3
1000269266,FC016,4,3
1000269302,02007,5,3
1000269302,FC008,5,2
1000269302,FC002,5,4
1000269302,AM001,5,2
1000269359,NN049,5,4
1000269474,10034,5,4
1000269474,06017,5,4
1000269649,AL003,3,3
1000269714,NN025,4,3
1000269714,NE011,4,4
1000269714,04070,4,3
1000269816,AL003,3,3
1000269960,AL016,4,4
1000269978,01007,3,3
1000270138,FC005,4,4
1000270156,09016,5,5
1000270264,PI153,5,3
1000270264,NN025,5,3
1000270264,02007,5,3
1000270264,FC005,5,4
1000270264,AL024,5,4
1000270434,NE012,5,4
1000270497,02007,4,3
1000270835,AL003,3,3
1000270839,07034,5,5
1000270896,04015,5,4
1000270896,NE006,5,3
1000270896,FD056,5,5
1000270896,EU017,5,5
1000270896,SC120,5,5
1000271055,AL003,3,3
1000271451,NE008,5,3
1000271739,01026,4,4
1000271739,AL058,4,4
1000271739,01057,4,4
1000271739,AL003,4,3
1000271749,13008,4,4
1000271914,AL003,4,3
1000271914,FD009,4,3
1000271914,FC005,4,4
1000271914,AL024,4,4
1000271927,NN021,5,2
1000271927,03034,5,5
1000271927,07021,5,4
1000271927,03015,5,4
1000271927,UB047,5,5
1000271927,UB033,5,4
1000271927,UB009,5,3
1000272031,NN025,5,3
1000272031,FC005,5,4
1000272031,AL024,5,4
1000272031,AL003,5,3
1000272117,02007,3,3
1000272263,PI153,5,3
1000272263,NE006,5,3
1000272581,ES005,3,2
1000272588,01051,3,3
1000272674,06025,5,5
1000272674,06022,5,4
1000272740,PI152,2,2
1000272883,UB039,5,4
1000273013,FD025,5,4
1000273026,PT049,5,5
1000273026,PT001,5,4
1000273162,AL003,3,3
1000273167,IN001,5,5
1000273167,FD009,5,3
1000273167,ES062,5,5
1000273167,UB047,5,5
1000273167,SC120,5,5
1000273188,02007,3,3
1000273231,13008,5,4
1000273231,07026,5,4
1000273231,07025,5,4
1000273231,06025,5,5
1000273379,PI153,4,3
1000273596,FD067,5,5
1000273596,05005,5,4
1000273618,04020,5,5
1000273761,PI153,5,3
1000273773,AL003,5,3
1000273855,AL003,3,3
1000273855,NE006,3,3
1000273859,06025,5,5
1000273859,EU011,5,4
1000273859,AL024,5,4
1000273859,06022,5,4
1000273859,06017,5,4
1000273861,AL003,4,3
1000273954,PI153,5,3
1000273954,NN025,5,3
1000273954,12049,5,3
1000273954,12047,5,3
1000273954,12046,5,3
1000273954,FD085,5,3
1000273954,FC005,5,4
1000273954,AL003,5,3
1000274097,06022,5,4
1000274116,13009,4,4
1000274116,07023,4,4
1000274116,06017,4,4
1000274154,AL003,4,3
1000274165,13008,4,4
1000274268,NN025,4,3
1000274420,02007,4,3
1000274420,01018,4,4
1000274420,06006,4,3
1000274539,NN025,3,3
1000274539,AL003,3,3
1000274539,PI153,3,3
1000274545,UB031,4,4
1000274666,06055,3,3
1000274666,AL003,3,3
1000274694,AL003,5,3
1000274729,07016,3,3
1000274776,FC005,4,4
1000274939,UB048,5,5
1000274939,UB047,5,5
1000274939,UB044,5,5
1000275063,12021,4,3
1000275185,AL003,5,3
1000275185,NN025,5,3
1000275185,12024,5,3
1000275185,06057,5,3
1000275185,UB047,5,5
1000275286,AL003,3,3
1000275296,13009,5,4
1000275296,13008,5,4
1000275296,06028,5,5
1000275296,02007,5,3
1000275473,NN025,5,3
1000275473,NI001,5,3
1000275473,03015,5,4
1000275473,FC005,5,4
1000275473,03012,5,4
1000275473,PI153,5,3
1000275473,AL003,5,3
1000275715,03034,5,5
1000275715,03003,5,2
1000275715,02007,5,3
1000275788,FD036,5,4
1000275802,FD035,4,4
1000276007,IN001,5,5
1000276007,06028,5,5
1000276007,06025,5,5
1000276007,06022,5,4
1000276007,SC120,5,5
1000276109,PT022,5,4
1000276109,PT001,5,4
1000276292,AL003,4,3
1000276446,06022,4,4
1000276446,06017,4,4
1000276570,FD006,3,3
1000276621,AL003,5,3
1000276645,AL003,3,3
1000277184,FD036,4,4
1000277184,FD007,4,3
1000277212,AL003,3,3
1000277233,02007,5,3
1000277284,AL003,5,3
1000277340,03003,3,2
1000277434,NE006,5,3
1000277691,PI113,2,2
1000277798,LM019,3,3
1000277892,FC014,4,3
1000277892,FC008,4,2
1000277892,FC002,4,4
1000277892,AL003,4,3
1000277909,AM001,4,2
1000278051,02007,5,3
1000278051,06028,5,5
1000278051,06022,5,4
1000278051,AL003,5,3
1000278051,06017,5,4
1000278051,SC120,5,5
1000278065,PI153,3,3
1000278155,NN025,4,3
1000278472,02007,4,3
1000278508,AL003,4,3
1000278645,NN021,4,2
1000278645,PI153,4,3
1000278744,FD086,5,4
1000278744,FD085,5,3
1000278744,FD011,5,3
1000278976,02007,5,3
1000278976,UB047,5,5
1000278976,UA013,5,5
1000279002,AL003,4,3
1000279002,PI153,4,3
1000279039,AL003,3,3
1000279105,02007,5,3
1000279126,FD058,5,5
1000279126,02007,5,3
1000279126,UB047,5,5
1000279182,FC005,4,4
1000279182,AL003,4,3
1000279531,AL003,3,3
1000279553,PI153,3,3
1000279631,09014,5,5
1000279635,AL003,3,3
1000279705,PI153,3,3
1000279743,AL003,3,3
1000279792,02007,3,3
1000279813,UB017,3,3
1000279870,06025,5,5
1000279870,01018,5,4
1000279870,06017,5,4
1000279875,UB048,5,5
1000280093,AL003,5,3
1000280324,NN020,2,2
1000280382,AL003,4,3
1000280552,PI108,3,2
1000280563,06025,5,5
1000280589,AL024,4,4
1000280716,NN025,5,3
1000280716,FC005,5,4
1000280716,AL003,5,3
1000280721,07045,5,5
1000280755,AL003,5,3
1000280845,SC086,5,4
1000280847,04015,5,4
1000280847,NN021,5,2
1000280847,LM042,5,4
1000280847,02007,5,3
1000280847,JA022,5,4
1000280847,FC016,5,3
1000280847,01020,5,4
1000280847,03012,5,4
1000280847,06006,5,3
1000281177,NN020,3,2
1000281177,ES001,3,2
1000281549,AL003,5,3
1000281633,AM001,3,2
1000281633,SC056,3,3
1000281654,AL003,4,3
1000281935,AL003,5,3
1000282081,06025,5,5
1000282197,NN025,5,3
1000282383,AL003,3,3
1000282456,FC005,5,4
1000282456,AL003,5,3
1000282692,02007,5,3
1000282692,IV035,5,4
1000282692,UB047,5,5
1000282692,AL003,5,3
1000282770,AL003,5,3
1000282907,02007,4,3
1000282907,AL003,4,3
1000283158,UB034,4,4
1000283213,04023,5,5
1000283213,OM009,5,3
1000283213,06028,5,5
1000283213,06018,5,4
1000283213,05007,5,4
1000283213,AL003,5,3
1000283239,EZ022,4,3
1000283297,02007,3,3
1000283525,AL003,4,3
1000283692,JA032,5,4
1000283692,02007,5,3
1000283692,06022,5,4
1000283692,UB048,5,5
1000283692,RB007,5,4
1000284126,02007,4,3
1000284144,LM024,3,3
1000284144,IV029,3,3
1000284144,02007,3,3
1000284144,01007,3,3
1000284144,FC009,3,3
1000284144,ES018,3,3
1000284144,AM003,3,3
1000284144,AL012,3,3
1000284305,02007,4,3
1000284582,AL024,4,4
1000284600,LM003,4,2
1000284985,07088,3,3
1000284985,06055,3,3
1000285254,06017,4,4
1000285535,UB048,5,5
1000285716,06003,2,2
1000285866,JA026,4,4
1000285866,12020,4,3
1000285866,11006,4,3
1000285866,08038,4,3
1000285866,07012,4,3
1000285866,03017,4,4
1000285866,03014,4,4
1000285866,AL058,4,4
1000285866,03003,4,2
1000285866,06022,4,4
1000285866,06017,4,4
1000285866,UB034,4,4
1000285866,AL003,4,3
1000285866,02007,4,3
1000286010,AL003,5,3
1000286061,AL003,3,3
1000286136,AL003,3,3
1000286186,NN025,3,3
1000286219,AL003,3,3
1000286299,AL003,4,3
1000286372,LM025,5,3
1000286372,JA022,5,4
1000286372,FC016,5,3
1000286403,AL003,3,3
1000286403,02007,3,3
1000286563,NI001,5,3
1000286563,JA019,5,3
1000286563,FD034,5,4
1000286572,NN025,3,3
1000286686,AL003,4,3
1000286800,02007,4,3
1000286832,02007,4,3
1000286832,06017,4,4
1000286832,RB007,4,4
1000286997,02007,4,3
1000287143,02007,3,3
1000287198,AL003,3,3
1000287435,FD085,3,3
1000287484,PI105,4,2
1000287484,PI153,4,3
1000287783,13009,4,4
1000287783,PI153,4,3
1000287805,02007,4,3
1000288114,AL003,3,3
1000288393,NE008,3,3
1000288397,FD056,5,5
1000288397,ES009,5,2
1000289336,12047,4,3
1000289480,NN025,5,3
1000289480,LM050,5,4
1000289480,AL003,5,3
1000290023,AL003,4,3
1000290115,NN025,4,3
1000290115,PI153,4,3
1000290222,AL003,4,3
1000290240,AL003,4,3
1000290240,02007,4,3
1000290321,UB007,3,2
1000290499,NN025,5,3
1000290509,UB047,5,5
1000290645,AL003,3,3
1000290734,08010,5,5
1000290734,02010,5,5
1000290734,RB007,5,4
1000290761,AL003,4,3
1000290899,FD077,5,3
1000291271,PI151,4,2
1000291370,NN025,3,3
1000291440,06010,4,3
1000291742,02001,4,4
1000291935,NN028,4,3
1000292054,NN025,4,3
1000292054,12051,4,3
1000292054,FC005,4,4
1000292054,02029,4,3
1000292054,AL003,4,3
1000292116,AL003,4,3
1000292228,04073,5,3
1000292644,NN025,3,3
1000292644,IV022,3,3
1000292644,AL003,3,3
1000292861,02007,3,3
1000292938,02007,4,3
1000293051,07016,3,3
1000293086,NN025,3,3
1000293107,06004,2,2
1000293310,07005,3,2
1000293391,02029,4,3
1000293615,06025,5,5
1000293615,06017,5,4
1000293626,OM009,3,3
1000293626,NN025,3,3
1000293678,NE005,3,3
1000293678,02007,3,3
1000293678,AL003,3,3
1000293903,AL003,3,3
1000294023,AL003,5,3
1000294037,07033,5,5
1000294037,AL003,5,3
1000294037,UB048,5,5
1000294082,AL003,5,3
1000294386,02007,3,3
1000294386,AL003,3,3
1000294572,AL003,4,3
1000294933,12047,4,3
1000295143,02007,4,3
1000295143,PI153,4,3
1000295182,04015,4,4
1000295449,02007,5,3
1000295779,02005,3,3
1000295779,PI153,3,3
1000296320,06004,3,2
1000296587,AL003,5,3
1000296664,SC120,5,5
1000296837,08026,2,2
1000296837,SC022,2,2
1000297032,03015,4,4
1000297032,03014,4,4
1000297032,06022,4,4
1000297032,06017,4,4
1000297334,IN001,5,5
1000297343,06010,3,3
1000297343,PI153,3,3
1000297619,02007,4,3
1000297965,02007,3,3
1000298052,AL024,4,4
1000298175,02007,3,3
1000298224,02007,5,3
1000298423,NN025,4,3
1000298701,02007,3,3
1000298775,PI152,3,2
1000298972,AL003,3,3
1000299044,06022,4,4
1000299329,02007,3,3
1000299333,AL003,4,3
1000299384,FC016,5,3
1000299660,13008,3,4
1000299814,NE010,4,4
1000299814,FC005,4,4
1000299814,01051,4,3
1000299814,PI153,4,3
1000300051,AL003,4,3
1000300248,11007,4,4
1000300248,04070,4,3
1000300544,02007,3,3
1000300685,PI153,4,3
1000301021,PI153,5,3
1000301091,NN025,4,3
1000301298,AL003,4,3
1000301647,NI001,4,3
1000302385,PI153,4,3
1000302444,AL003,5,3
1000302444,UB047,5,5
1000302583,13009,5,4
1000302583,AM003,5,3
1000302659,01005,4,1
1000302724,02007,4,3
1000302724,AL024,4,4
1000302839,06022,4,4
1000302950,AL003,3,3
1000302950,SC051,3,3
1000303023,NN020,3,2
1000303320,FD035,5,4
1000303320,UB047,5,5
1000303320,UB039,5,4
1000303449,12021,3,3
1000303804,SC036,5,3
1000303920,IV076,5,5
1000304164,NN021,4,2
1000304314,FD086,4,4
1000304314,FD085,4,3
1000304314,FD011,4,3
1000304338,IN001,5,5
1000304338,FD029,5,4
1000304338,06025,5,5
1000304338,UB047,5,5
1000304338,UA013,5,5
1000304338,SC120,5,5
1000304585,NN052,4,4
1000304585,FD017,4,4
1000304585,06022,4,4
1000304670,02007,3,3
1000304779,06024,5,4
1000304958,02007,3,3
1000304995,01008,4,3
1000304995,AL003,4,3
1000305183,PI153,3,3
1000305838,AL003,4,3
1000305838,02007,4,3
1000305925,02007,4,3
1000305925,AL003,4,3
1000306306,NN025,4,3
1000306306,FC005,4,4
1000306306,AL003,4,3
1000306306,02007,4,3
1000306654,02007,3,3
1000306794,PI124,4,3
1000306813,PT030,4,4
1000306859,06022,5,4
1000307195,16002,5,4
1000307577,AL002,3,3
1000307610,UA003,3,3
1000308011,AL003,5,3
1000308055,NN026,3,3
1000308614,PI152,4,2
1000308766,PI152,3,2
1000308768,02010,5,5
1000308832,FD067,5,5
1000309095,02007,4,3
1000309278,UB047,5,5
1000309554,07004,4,2
1000309554,03003,4,2
1000309554,06017,4,4
1000309607,16003,4,4
1000309664,AL003,4,3
1000310311,AL003,4,3
1000310711,AL003,5,3
1000310730,FD004,3,3
1000310730,02007,3,3
1000310956,06017,4,4
1000311039,AL003,4,3
1000311339,AL003,3,3
1000311896,AL003,3,3
1000311952,AL003,3,3
1000312025,AL003,3,3
1000312493,NN025,5,3
1000312493,IN001,5,5
1000312493,AL003,5,3
1000312493,PT023,5,4
1000312493,PI153,5,3
1000313845,PI153,5,3
